Period (s), SA (ms2)
2.30000E+01, 1.64290E-04
1.15000E+01, 1.79870E-04
7.66667E+00, 1.36593E-04
5.75000E+00, 1.26279E-04
4.60000E+00, 1.04165E-04
3.83333E+00, 1.15332E-04
3.28571E+00, 1.08163E-04
2.87500E+00, 1.36366E-04
2.55556E+00, 1.83059E-04
2.30000E+00, 1.84001E-04
2.09091E+00, 1.76549E-04
1.91667E+00, 2.05095E-04
1.76923E+00, 2.77220E-04
1.64286E+00, 3.12760E-04
1.53333E+00, 3.19340E-04
1.43750E+00, 3.39906E-04
1.35294E+00, 3.91076E-04
1.27778E+00, 4.32753E-04
1.21053E+00, 5.15783E-04
1.15000E+00, 6.44996E-04
1.09524E+00, 7.84772E-04
1.04545E+00, 8.77401E-04
1.00000E+00, 9.74168E-04
9.58333E-01, 1.03923E-03
9.20000E-01, 1.06738E-03
8.84615E-01, 1.13240E-03
8.51852E-01, 1.24598E-03
8.21429E-01, 1.36786E-03
7.93103E-01, 1.51616E-03
7.66667E-01, 1.77650E-03
7.41935E-01, 2.14867E-03
7.18750E-01, 2.54779E-03
6.96970E-01, 2.85908E-03
6.76471E-01, 3.04102E-03
6.57143E-01, 3.16854E-03
6.38889E-01, 3.20839E-03
6.21622E-01, 3.20921E-03
6.05263E-01, 3.35751E-03
5.89744E-01, 3.66756E-03
5.75000E-01, 4.01100E-03
5.60976E-01, 4.30738E-03
5.47619E-01, 4.54685E-03
5.34884E-01, 4.69395E-03
5.22727E-01, 4.75634E-03
5.11111E-01, 4.92283E-03
5.00000E-01, 5.16016E-03
4.89362E-01, 5.25138E-03
4.79167E-01, 5.17921E-03
4.69388E-01, 5.04262E-03
4.60000E-01, 4.89195E-03
4.50980E-01, 4.78486E-03
4.42308E-01, 4.78375E-03
4.33962E-01, 4.85324E-03
4.25926E-01, 4.93242E-03
4.18182E-01, 4.97650E-03
4.10714E-01, 4.92619E-03
4.03509E-01, 4.79356E-03
3.96552E-01, 4.65309E-03
3.89831E-01, 4.58600E-03
3.83333E-01, 4.64175E-03
3.77049E-01, 4.81268E-03
3.70968E-01, 5.04903E-03
3.65079E-01, 5.29103E-03
3.59375E-01, 5.48890E-03
3.53846E-01, 5.62317E-03
3.48485E-01, 5.72272E-03
3.43284E-01, 5.83922E-03
3.38235E-01, 5.99335E-03
3.33333E-01, 6.15609E-03
3.28571E-01, 6.28256E-03
3.23944E-01, 6.37323E-03
3.19444E-01, 6.47371E-03
3.15068E-01, 6.63739E-03
3.10811E-01, 6.89703E-03
3.06667E-01, 7.23228E-03
3.02632E-01, 7.56097E-03
2.98701E-01, 7.79032E-03
2.94872E-01, 7.89205E-03
2.91139E-01, 7.91285E-03
2.87500E-01, 7.91664E-03
2.83951E-01, 7.93711E-03
2.80488E-01, 7.97823E-03
2.77108E-01, 8.04002E-03
2.73810E-01, 8.13579E-03
2.70588E-01, 8.28653E-03
2.67442E-01, 8.50961E-03
2.64368E-01, 8.81677E-03
2.61364E-01, 9.21197E-03
2.58427E-01, 9.68531E-03
2.55556E-01, 1.02081E-02
2.52747E-01, 1.07351E-02
2.50000E-01, 1.12202E-02
2.47312E-01, 1.16391E-02
2.44681E-01, 1.19973E-02
2.42105E-01, 1.23249E-02
2.39583E-01, 1.26653E-02
2.37113E-01, 1.30580E-02
2.34694E-01, 1.35254E-02
2.32323E-01, 1.40741E-02
2.30000E-01, 1.46985E-02
2.27723E-01, 1.53795E-02
2.25490E-01, 1.60837E-02
2.23301E-01, 1.67717E-02
2.21154E-01, 1.74150E-02
2.19048E-01, 1.80176E-02
2.16981E-01, 1.86154E-02
2.14953E-01, 1.92482E-02
2.12963E-01, 1.99342E-02
2.11009E-01, 2.06747E-02
2.09091E-01, 2.14694E-02
2.07207E-01, 2.23169E-02
2.05357E-01, 2.32037E-02
2.03540E-01, 2.40987E-02
2.01754E-01, 2.49601E-02
2.00000E-01, 2.57473E-02
1.98276E-01, 2.64356E-02
1.96581E-01, 2.70206E-02
1.94915E-01, 2.75027E-02
1.93277E-01, 2.78607E-02
1.91667E-01, 2.80492E-02
1.90083E-01, 2.80338E-02
1.88525E-01, 2.78330E-02
1.86992E-01, 2.75229E-02
1.85484E-01, 2.72049E-02
1.84000E-01, 2.69648E-02
1.82540E-01, 2.68498E-02
1.81102E-01, 2.68678E-02
1.79688E-01, 2.69994E-02
1.78295E-01, 2.72161E-02
1.76923E-01, 2.74944E-02
1.75573E-01, 2.78185E-02
1.74242E-01, 2.81725E-02
1.72932E-01, 2.85298E-02
1.71642E-01, 2.88488E-02
1.70370E-01, 2.90806E-02
1.69118E-01, 2.91857E-02
1.67883E-01, 2.91512E-02
1.66667E-01, 2.89977E-02
1.65468E-01, 2.87700E-02
1.64286E-01, 2.85209E-02
1.63121E-01, 2.82952E-02
1.61972E-01, 2.81217E-02
1.60839E-01, 2.80121E-02
1.59722E-01, 2.79659E-02
1.58621E-01, 2.79749E-02
1.57534E-01, 2.80294E-02
1.56463E-01, 2.81220E-02
1.55405E-01, 2.82512E-02
1.54362E-01, 2.84234E-02
1.53333E-01, 2.86513E-02
1.52318E-01, 2.89498E-02
1.51316E-01, 2.93306E-02
1.50327E-01, 2.97996E-02
1.49351E-01, 3.03568E-02
1.48387E-01, 3.09987E-02
1.47436E-01, 3.17208E-02
1.46497E-01, 3.25194E-02
1.45570E-01, 3.33922E-02
1.44654E-01, 3.43388E-02
1.43750E-01, 3.53614E-02
1.42857E-01, 3.64650E-02
1.41975E-01, 3.76554E-02
1.41104E-01, 3.89353E-02
1.40244E-01, 4.03014E-02
1.39394E-01, 4.17421E-02
1.38554E-01, 4.32370E-02
1.37725E-01, 4.47591E-02
1.36905E-01, 4.62782E-02
1.36095E-01, 4.77655E-02
1.35294E-01, 4.91991E-02
1.34503E-01, 5.05673E-02
1.33721E-01, 5.18685E-02
1.32948E-01, 5.31074E-02
1.32184E-01, 5.42899E-02
1.31429E-01, 5.54166E-02
1.30682E-01, 5.64787E-02
1.29944E-01, 5.74563E-02
1.29213E-01, 5.83209E-02
1.28492E-01, 5.90413E-02
1.27778E-01, 5.95923E-02
1.27072E-01, 5.99622E-02
1.26374E-01, 6.01554E-02
1.25683E-01, 6.01902E-02
1.25000E-01, 6.00904E-02
1.24324E-01, 5.98777E-02
1.23656E-01, 5.95660E-02
1.22995E-01, 5.91619E-02
1.22340E-01, 5.86690E-02
1.21693E-01, 5.80935E-02
1.21053E-01, 5.74483E-02
1.20419E-01, 5.67517E-02
1.19792E-01, 5.60246E-02
1.19171E-01, 5.52845E-02
1.18557E-01, 5.45425E-02
1.17949E-01, 5.38023E-02
1.17347E-01, 5.30615E-02
1.16751E-01, 5.23152E-02
1.16162E-01, 5.15587E-02
1.15578E-01, 5.07902E-02
1.15000E-01, 5.00120E-02
1.14428E-01, 4.92318E-02
1.13861E-01, 4.84628E-02
1.13300E-01, 4.77221E-02
1.12745E-01, 4.70285E-02
1.12195E-01, 4.63995E-02
1.11650E-01, 4.58479E-02
1.11111E-01, 4.53800E-02
1.10577E-01, 4.49945E-02
1.10048E-01, 4.46824E-02
1.09524E-01, 4.44284E-02
1.09005E-01, 4.42129E-02
1.08491E-01, 4.40148E-02
1.07981E-01, 4.38151E-02
1.07477E-01, 4.35991E-02
1.06977E-01, 4.33587E-02
1.06481E-01, 4.30922E-02
1.05991E-01, 4.28028E-02
1.05505E-01, 4.24965E-02
1.05023E-01, 4.21793E-02
1.04545E-01, 4.18551E-02
1.04072E-01, 4.15247E-02
1.03604E-01, 4.11855E-02
1.03139E-01, 4.08330E-02
1.02679E-01, 4.04618E-02
1.02222E-01, 4.00678E-02
1.01770E-01, 3.96486E-02
1.01322E-01, 3.92042E-02
1.00877E-01, 3.87372E-02
1.00437E-01, 3.82520E-02
1.00000E-01, 3.77544E-02
9.95671E-02, 3.72512E-02
9.91379E-02, 3.67494E-02
9.87124E-02, 3.62562E-02
9.82906E-02, 3.57783E-02
9.78723E-02, 3.53215E-02
9.74576E-02, 3.48905E-02
9.70464E-02, 3.44884E-02
9.66387E-02, 3.41171E-02
9.62343E-02, 3.37769E-02
9.58333E-02, 3.34671E-02
9.54357E-02, 3.31864E-02
9.50413E-02, 3.29329E-02
9.46502E-02, 3.27050E-02
9.42623E-02, 3.25015E-02
9.38776E-02, 3.23215E-02
9.34959E-02, 3.21648E-02
9.31174E-02, 3.20314E-02
9.27419E-02, 3.19216E-02
9.23695E-02, 3.18356E-02
9.20000E-02, 3.17735E-02
9.16335E-02, 3.17354E-02
9.12698E-02, 3.17213E-02
9.09091E-02, 3.17313E-02
9.05512E-02, 3.17655E-02
9.01961E-02, 3.18245E-02
8.98438E-02, 3.19086E-02
8.94942E-02, 3.20184E-02
8.91473E-02, 3.21539E-02
8.88031E-02, 3.23144E-02
8.84615E-02, 3.24986E-02
8.81226E-02, 3.27043E-02
8.77863E-02, 3.29281E-02
8.74525E-02, 3.31663E-02
8.71212E-02, 3.34143E-02
8.67925E-02, 3.36673E-02
8.64662E-02, 3.39203E-02
8.61423E-02, 3.41682E-02
8.58209E-02, 3.44057E-02
8.55019E-02, 3.46278E-02
8.51852E-02, 3.48296E-02
8.48708E-02, 3.50068E-02
8.45588E-02, 3.51556E-02
8.42491E-02, 3.52730E-02
8.39416E-02, 3.53573E-02
8.36364E-02, 3.54072E-02
8.33333E-02, 3.54229E-02
8.30325E-02, 3.54052E-02
8.27338E-02, 3.53561E-02
8.24373E-02, 3.52786E-02
8.21429E-02, 3.51765E-02
8.18505E-02, 3.50546E-02
8.15603E-02, 3.49182E-02
8.12721E-02, 3.47726E-02
8.09859E-02, 3.46231E-02
8.07018E-02, 3.44740E-02
8.04196E-02, 3.43289E-02
8.01394E-02, 3.41900E-02
7.98611E-02, 3.40584E-02
7.95848E-02, 3.39339E-02
7.93103E-02, 3.38156E-02
7.90378E-02, 3.37023E-02
7.87671E-02, 3.35923E-02
7.84983E-02, 3.34844E-02
7.82313E-02, 3.33780E-02
7.79661E-02, 3.32729E-02
7.77027E-02, 3.31699E-02
7.74411E-02, 3.30703E-02
7.71812E-02, 3.29762E-02
7.69231E-02, 3.28898E-02
7.66667E-02, 3.28135E-02
7.64120E-02, 3.27500E-02
7.61589E-02, 3.27015E-02
7.59076E-02, 3.26699E-02
7.56579E-02, 3.26568E-02
7.54098E-02, 3.26631E-02
7.51634E-02, 3.26890E-02
7.49186E-02, 3.27341E-02
7.46753E-02, 3.27972E-02
7.44337E-02, 3.28766E-02
7.41935E-02, 3.29701E-02
7.39550E-02, 3.30751E-02
7.37179E-02, 3.31889E-02
7.34824E-02, 3.33090E-02
7.32484E-02, 3.34329E-02
7.30159E-02, 3.35589E-02
7.27848E-02, 3.36856E-02
7.25552E-02, 3.38120E-02
7.23270E-02, 3.39377E-02
7.21003E-02, 3.40627E-02
7.18750E-02, 3.41867E-02
7.16511E-02, 3.43097E-02
7.14286E-02, 3.44314E-02
7.12074E-02, 3.45509E-02
7.09877E-02, 3.46670E-02
7.07692E-02, 3.47779E-02
7.05521E-02, 3.48816E-02
7.03364E-02, 3.49753E-02
7.01220E-02, 3.50565E-02
6.99088E-02, 3.51225E-02
6.96970E-02, 3.51712E-02
6.94864E-02, 3.52012E-02
6.92771E-02, 3.52117E-02
6.90691E-02, 3.52032E-02
6.88623E-02, 3.51773E-02
6.86567E-02, 3.51363E-02
6.84524E-02, 3.50839E-02
6.82493E-02, 3.50243E-02
6.80473E-02, 3.49622E-02
6.78466E-02, 3.49026E-02
6.76471E-02, 3.48503E-02
6.74487E-02, 3.48102E-02
6.72515E-02, 3.47865E-02
6.70554E-02, 3.47830E-02
6.68605E-02, 3.48028E-02
6.66667E-02, 3.48482E-02
6.64740E-02, 3.49210E-02
6.62824E-02, 3.50222E-02
6.60920E-02, 3.51522E-02
6.59026E-02, 3.53110E-02
6.57143E-02, 3.54977E-02
6.55271E-02, 3.57113E-02
6.53409E-02, 3.59505E-02
6.51558E-02, 3.62133E-02
6.49718E-02, 3.64977E-02
6.47887E-02, 3.68015E-02
6.46067E-02, 3.71222E-02
6.44258E-02, 3.74570E-02
6.42458E-02, 3.78033E-02
6.40669E-02, 3.81579E-02
6.38889E-02, 3.85180E-02
6.37119E-02, 3.88803E-02
6.35359E-02, 3.92415E-02
6.33609E-02, 3.95985E-02
6.31868E-02, 3.99481E-02
6.30137E-02, 4.02870E-02
6.28415E-02, 4.06123E-02
6.26703E-02, 4.09213E-02
6.25000E-02, 4.12115E-02
6.23306E-02, 4.14807E-02
6.21622E-02, 4.17272E-02
6.19946E-02, 4.19496E-02
6.18280E-02, 4.21471E-02
6.16622E-02, 4.23191E-02
6.14973E-02, 4.24652E-02
6.13333E-02, 4.25856E-02
6.11702E-02, 4.26803E-02
6.10080E-02, 4.27496E-02
6.08466E-02, 4.27937E-02
6.06860E-02, 4.28125E-02
6.05263E-02, 4.28059E-02
6.03675E-02, 4.27736E-02
6.02094E-02, 4.27148E-02
6.00522E-02, 4.26289E-02
5.98958E-02, 4.25151E-02
5.97403E-02, 4.23726E-02
5.95855E-02, 4.22011E-02
5.94315E-02, 4.20005E-02
5.92784E-02, 4.17714E-02
5.91260E-02, 4.15149E-02
5.89744E-02, 4.12329E-02
5.88235E-02, 4.09278E-02
5.86735E-02, 4.06027E-02
5.85242E-02, 4.02612E-02
5.83756E-02, 3.99070E-02
5.82278E-02, 3.95440E-02
5.80808E-02, 3.91763E-02
5.79345E-02, 3.88076E-02
5.77889E-02, 3.84414E-02
5.76441E-02, 3.80806E-02
5.75000E-02, 3.77279E-02
5.73566E-02, 3.73854E-02
5.72139E-02, 3.70546E-02
5.70720E-02, 3.67366E-02
5.69307E-02, 3.64318E-02
5.67901E-02, 3.61403E-02
5.66502E-02, 3.58619E-02
5.65111E-02, 3.55958E-02
5.63725E-02, 3.53412E-02
5.62347E-02, 3.50969E-02
5.60976E-02, 3.48618E-02
5.59611E-02, 3.46347E-02
5.58252E-02, 3.44143E-02
5.56901E-02, 3.41996E-02
5.55556E-02, 3.39898E-02
5.54217E-02, 3.37841E-02
5.52885E-02, 3.35821E-02
5.51559E-02, 3.33834E-02
5.50239E-02, 3.31881E-02
5.48926E-02, 3.29962E-02
5.47619E-02, 3.28081E-02
5.46318E-02, 3.26239E-02
5.45024E-02, 3.24441E-02
5.43735E-02, 3.22691E-02
5.42453E-02, 3.20991E-02
5.41176E-02, 3.19343E-02
5.39906E-02, 3.17748E-02
5.38642E-02, 3.16207E-02
5.37383E-02, 3.14718E-02
5.36131E-02, 3.13279E-02
5.34884E-02, 3.11888E-02
5.33643E-02, 3.10540E-02
5.32407E-02, 3.09233E-02
5.31178E-02, 3.07963E-02
5.29954E-02, 3.06726E-02
5.28736E-02, 3.05519E-02
5.27523E-02, 3.04341E-02
5.26316E-02, 3.03190E-02
5.25114E-02, 3.02065E-02
5.23918E-02, 3.00967E-02
5.22727E-02, 2.99896E-02
5.21542E-02, 2.98856E-02
5.20362E-02, 2.97847E-02
5.19187E-02, 2.96874E-02
5.18018E-02, 2.95939E-02
5.16854E-02, 2.95044E-02
5.15695E-02, 2.94192E-02
5.14541E-02, 2.93385E-02
5.13393E-02, 2.92623E-02
5.12249E-02, 2.91908E-02
5.11111E-02, 2.91237E-02
5.09978E-02, 2.90609E-02
5.08850E-02, 2.90021E-02
5.07726E-02, 2.89471E-02
5.06608E-02, 2.88952E-02
5.05495E-02, 2.88462E-02
5.04386E-02, 2.87993E-02
5.03282E-02, 2.87540E-02
5.02183E-02, 2.87097E-02
5.01089E-02, 2.86658E-02
5.00000E-02, 2.86216E-02
4.98915E-02, 2.85765E-02
4.97835E-02, 2.85300E-02
4.96760E-02, 2.84814E-02
4.95690E-02, 2.84302E-02
4.94624E-02, 2.83760E-02
4.93562E-02, 2.83183E-02
4.92505E-02, 2.82568E-02
4.91453E-02, 2.81914E-02
4.90405E-02, 2.81219E-02
4.89362E-02, 2.80482E-02
4.88323E-02, 2.79704E-02
4.87288E-02, 2.78888E-02
4.86258E-02, 2.78035E-02
4.85232E-02, 2.77149E-02
4.84211E-02, 2.76235E-02
4.83193E-02, 2.75296E-02
4.82180E-02, 2.74337E-02
4.81172E-02, 2.73362E-02
4.80167E-02, 2.72376E-02
4.79167E-02, 2.71384E-02
4.78170E-02, 2.70388E-02
4.77178E-02, 2.69393E-02
4.76190E-02, 2.68401E-02
4.75207E-02, 2.67414E-02
4.74227E-02, 2.66435E-02
4.73251E-02, 2.65464E-02
4.72279E-02, 2.64501E-02
4.71311E-02, 2.63548E-02
4.70348E-02, 2.62603E-02
4.69388E-02, 2.61666E-02
4.68432E-02, 2.60735E-02
4.67480E-02, 2.59809E-02
4.66531E-02, 2.58886E-02
4.65587E-02, 2.57963E-02
4.64646E-02, 2.57040E-02
4.63710E-02, 2.56113E-02
4.62777E-02, 2.55181E-02
4.61847E-02, 2.54243E-02
4.60922E-02, 2.53297E-02
4.60000E-02, 2.52341E-02
4.59082E-02, 2.51377E-02
4.58167E-02, 2.50402E-02
4.57256E-02, 2.49418E-02
4.56349E-02, 2.48426E-02
4.55446E-02, 2.47425E-02
4.54545E-02, 2.46419E-02
4.53649E-02, 2.45408E-02
4.52756E-02, 2.44394E-02
4.51866E-02, 2.43380E-02
4.50980E-02, 2.42368E-02
4.50098E-02, 2.41361E-02
4.49219E-02, 2.40360E-02
4.48343E-02, 2.39369E-02
4.47471E-02, 2.38390E-02
4.46602E-02, 2.37425E-02
4.45736E-02, 2.36476E-02
4.44874E-02, 2.35544E-02
4.44015E-02, 2.34633E-02
4.43160E-02, 2.33742E-02
4.42308E-02, 2.32873E-02
4.41459E-02, 2.32027E-02
4.40613E-02, 2.31204E-02
4.39771E-02, 2.30405E-02
4.38931E-02, 2.29628E-02
4.38095E-02, 2.28875E-02
4.37262E-02, 2.28144E-02
4.36433E-02, 2.27435E-02
4.35606E-02, 2.26747E-02
4.34783E-02, 2.26079E-02
4.33962E-02, 2.25431E-02
4.33145E-02, 2.24801E-02
4.32331E-02, 2.24188E-02
4.31520E-02, 2.23592E-02
4.30712E-02, 2.23011E-02
4.29907E-02, 2.22444E-02
4.29104E-02, 2.21891E-02
4.28305E-02, 2.21350E-02
4.27509E-02, 2.20821E-02
4.26716E-02, 2.20302E-02
4.25926E-02, 2.19794E-02
4.25139E-02, 2.19295E-02
4.24354E-02, 2.18806E-02
4.23573E-02, 2.18324E-02
4.22794E-02, 2.17851E-02
4.22018E-02, 2.17386E-02
4.21245E-02, 2.16927E-02
4.20475E-02, 2.16477E-02
4.19708E-02, 2.16033E-02
4.18944E-02, 2.15597E-02
4.18182E-02, 2.15168E-02
4.17423E-02, 2.14747E-02
4.16667E-02, 2.14332E-02
4.15913E-02, 2.13925E-02
4.15162E-02, 2.13525E-02
4.14414E-02, 2.13132E-02
4.13669E-02, 2.12745E-02
4.12926E-02, 2.12365E-02
4.12186E-02, 2.11990E-02
4.11449E-02, 2.11620E-02
4.10714E-02, 2.11254E-02
4.09982E-02, 2.10892E-02
4.09253E-02, 2.10532E-02
4.08526E-02, 2.10174E-02
4.07801E-02, 2.09816E-02
4.07080E-02, 2.09458E-02
4.06360E-02, 2.09099E-02
4.05644E-02, 2.08738E-02
4.04930E-02, 2.08374E-02
4.04218E-02, 2.08008E-02
4.03509E-02, 2.07637E-02
4.02802E-02, 2.07263E-02
4.02098E-02, 2.06886E-02
4.01396E-02, 2.06504E-02
4.00697E-02, 2.06120E-02
4.00000E-02, 2.05733E-02
3.99306E-02, 2.05343E-02
3.98614E-02, 2.04952E-02
3.97924E-02, 2.04561E-02
3.97237E-02, 2.04169E-02
3.96552E-02, 2.03778E-02
3.95869E-02, 2.03389E-02
3.95189E-02, 2.03003E-02
3.94511E-02, 2.02620E-02
3.93836E-02, 2.02241E-02
3.93162E-02, 2.01868E-02
3.92491E-02, 2.01501E-02
3.91823E-02, 2.01140E-02
3.91156E-02, 2.00787E-02
3.90492E-02, 2.00442E-02
3.89831E-02, 2.00106E-02
3.89171E-02, 1.99779E-02
3.88514E-02, 1.99462E-02
3.87858E-02, 1.99154E-02
3.87205E-02, 1.98858E-02
3.86555E-02, 1.98572E-02
3.85906E-02, 1.98297E-02
3.85260E-02, 1.98033E-02
3.84615E-02, 1.97780E-02
3.83973E-02, 1.97538E-02
3.83333E-02, 1.97307E-02
3.82696E-02, 1.97086E-02
3.82060E-02, 1.96877E-02
3.81426E-02, 1.96677E-02
3.80795E-02, 1.96487E-02
3.80165E-02, 1.96307E-02
3.79538E-02, 1.96136E-02
3.78913E-02, 1.95973E-02
3.78289E-02, 1.95819E-02
3.77668E-02, 1.95673E-02
3.77049E-02, 1.95534E-02
3.76432E-02, 1.95402E-02
3.75817E-02, 1.95278E-02
3.75204E-02, 1.95160E-02
3.74593E-02, 1.95049E-02
3.73984E-02, 1.94944E-02
3.73377E-02, 1.94845E-02
3.72771E-02, 1.94753E-02
3.72168E-02, 1.94667E-02
3.71567E-02, 1.94587E-02
3.70968E-02, 1.94514E-02
3.70370E-02, 1.94447E-02
3.69775E-02, 1.94387E-02
3.69181E-02, 1.94334E-02
3.68590E-02, 1.94288E-02
3.68000E-02, 1.94249E-02
3.67412E-02, 1.94217E-02
3.66826E-02, 1.94193E-02
3.66242E-02, 1.94175E-02
3.65660E-02, 1.94165E-02
3.65079E-02, 1.94161E-02
3.64501E-02, 1.94164E-02
3.63924E-02, 1.94172E-02
3.63349E-02, 1.94186E-02
3.62776E-02, 1.94205E-02
3.62205E-02, 1.94228E-02
3.61635E-02, 1.94254E-02
3.61068E-02, 1.94282E-02
3.60502E-02, 1.94311E-02
3.59937E-02, 1.94339E-02
3.59375E-02, 1.94367E-02
3.58814E-02, 1.94392E-02
3.58255E-02, 1.94413E-02
3.57698E-02, 1.94428E-02
3.57143E-02, 1.94437E-02
3.56589E-02, 1.94438E-02
3.56037E-02, 1.94430E-02
3.55487E-02, 1.94411E-02
3.54938E-02, 1.94381E-02
3.54391E-02, 1.94338E-02
3.53846E-02, 1.94281E-02
3.53303E-02, 1.94211E-02
3.52761E-02, 1.94125E-02
3.52221E-02, 1.94024E-02
3.51682E-02, 1.93907E-02
3.51145E-02, 1.93774E-02
3.50610E-02, 1.93625E-02
3.50076E-02, 1.93461E-02
3.49544E-02, 1.93281E-02
3.49014E-02, 1.93086E-02
3.48485E-02, 1.92877E-02
3.47958E-02, 1.92654E-02
3.47432E-02, 1.92418E-02
3.46908E-02, 1.92170E-02
3.46386E-02, 1.91911E-02
3.45865E-02, 1.91642E-02
3.45345E-02, 1.91363E-02
3.44828E-02, 1.91077E-02
3.44311E-02, 1.90783E-02
3.43797E-02, 1.90482E-02
3.43284E-02, 1.90177E-02
3.42772E-02, 1.89866E-02
3.42262E-02, 1.89552E-02
3.41753E-02, 1.89234E-02
3.41246E-02, 1.88914E-02
3.40741E-02, 1.88591E-02
3.40237E-02, 1.88267E-02
3.39734E-02, 1.87942E-02
3.39233E-02, 1.87617E-02
3.38733E-02, 1.87291E-02
3.38235E-02, 1.86964E-02
3.37739E-02, 1.86639E-02
3.37243E-02, 1.86313E-02
3.36750E-02, 1.85989E-02
3.36257E-02, 1.85666E-02
3.35766E-02, 1.85344E-02
3.35277E-02, 1.85024E-02
3.34789E-02, 1.84706E-02
3.34302E-02, 1.84391E-02
3.33817E-02, 1.84078E-02
3.33333E-02, 1.83769E-02
3.32851E-02, 1.83463E-02
3.32370E-02, 1.83162E-02
3.31890E-02, 1.82865E-02
3.31412E-02, 1.82573E-02
3.30935E-02, 1.82286E-02
3.30460E-02, 1.82006E-02
3.29986E-02, 1.81731E-02
3.29513E-02, 1.81463E-02
3.29041E-02, 1.81202E-02
3.28571E-02, 1.80949E-02
3.28103E-02, 1.80703E-02
3.27635E-02, 1.80464E-02
3.27169E-02, 1.80234E-02
3.26705E-02, 1.80011E-02
3.26241E-02, 1.79796E-02
3.25779E-02, 1.79589E-02
3.25318E-02, 1.79390E-02
3.24859E-02, 1.79199E-02
3.24401E-02, 1.79015E-02
3.23944E-02, 1.78838E-02
3.23488E-02, 1.78669E-02
3.23034E-02, 1.78505E-02
3.22581E-02, 1.78349E-02
3.22129E-02, 1.78197E-02
3.21678E-02, 1.78052E-02
3.21229E-02, 1.77911E-02
3.20781E-02, 1.77775E-02
3.20334E-02, 1.77643E-02
3.19889E-02, 1.77514E-02
3.19444E-02, 1.77389E-02
3.19001E-02, 1.77267E-02
3.18560E-02, 1.77148E-02
3.18119E-02, 1.77031E-02
3.17680E-02, 1.76916E-02
3.17241E-02, 1.76803E-02
3.16804E-02, 1.76692E-02
3.16369E-02, 1.76583E-02
3.15934E-02, 1.76476E-02
3.15501E-02, 1.76370E-02
3.15068E-02, 1.76266E-02
3.14637E-02, 1.76164E-02
3.14208E-02, 1.76063E-02
3.13779E-02, 1.75965E-02
3.13351E-02, 1.75869E-02
3.12925E-02, 1.75775E-02
3.12500E-02, 1.75683E-02
3.12076E-02, 1.75594E-02
3.11653E-02, 1.75507E-02
3.11231E-02, 1.75424E-02
3.10811E-02, 1.75343E-02
3.10391E-02, 1.75265E-02
3.09973E-02, 1.75189E-02
3.09556E-02, 1.75117E-02
3.09140E-02, 1.75048E-02
3.08725E-02, 1.74982E-02
3.08311E-02, 1.74919E-02
3.07898E-02, 1.74858E-02
3.07487E-02, 1.74801E-02
3.07076E-02, 1.74746E-02
3.06667E-02, 1.74694E-02
3.06258E-02, 1.74645E-02
3.05851E-02, 1.74598E-02
3.05445E-02, 1.74553E-02
3.05040E-02, 1.74511E-02
3.04636E-02, 1.74470E-02
3.04233E-02, 1.74432E-02
3.03831E-02, 1.74395E-02
3.03430E-02, 1.74360E-02
3.03030E-02, 1.74327E-02
3.02632E-02, 1.74295E-02
3.02234E-02, 1.74265E-02
3.01837E-02, 1.74236E-02
3.01442E-02, 1.74207E-02
3.01047E-02, 1.74180E-02
3.00654E-02, 1.74154E-02
3.00261E-02, 1.74128E-02
2.99870E-02, 1.74102E-02
2.99479E-02, 1.74077E-02
2.99090E-02, 1.74052E-02
2.98701E-02, 1.74027E-02
2.98314E-02, 1.74002E-02
2.97927E-02, 1.73976E-02
2.97542E-02, 1.73949E-02
2.97158E-02, 1.73921E-02
2.96774E-02, 1.73893E-02
2.96392E-02, 1.73863E-02
2.96010E-02, 1.73831E-02
2.95630E-02, 1.73798E-02
2.95250E-02, 1.73764E-02
2.94872E-02, 1.73727E-02
2.94494E-02, 1.73689E-02
2.94118E-02, 1.73649E-02
2.93742E-02, 1.73607E-02
2.93367E-02, 1.73563E-02
2.92994E-02, 1.73518E-02
2.92621E-02, 1.73471E-02
2.92249E-02, 1.73423E-02
2.91878E-02, 1.73373E-02
2.91508E-02, 1.73323E-02
2.91139E-02, 1.73272E-02
2.90771E-02, 1.73221E-02
2.90404E-02, 1.73170E-02
2.90038E-02, 1.73119E-02
2.89673E-02, 1.73070E-02
2.89308E-02, 1.73021E-02
2.88945E-02, 1.72975E-02
2.88582E-02, 1.72930E-02
2.88221E-02, 1.72888E-02
2.87860E-02, 1.72849E-02
2.87500E-02, 1.72813E-02
2.87141E-02, 1.72780E-02
2.86783E-02, 1.72752E-02
2.86426E-02, 1.72728E-02
2.86070E-02, 1.72709E-02
2.85714E-02, 1.72695E-02
2.85360E-02, 1.72686E-02
2.85006E-02, 1.72683E-02
2.84653E-02, 1.72686E-02
2.84302E-02, 1.72695E-02
2.83951E-02, 1.72710E-02
2.83600E-02, 1.72731E-02
2.83251E-02, 1.72759E-02
2.82903E-02, 1.72794E-02
2.82555E-02, 1.72835E-02
2.82209E-02, 1.72883E-02
2.81863E-02, 1.72938E-02
2.81518E-02, 1.73000E-02
2.81174E-02, 1.73069E-02
2.80830E-02, 1.73145E-02
2.80488E-02, 1.73228E-02
2.80146E-02, 1.73317E-02
2.79805E-02, 1.73413E-02
2.79465E-02, 1.73516E-02
2.79126E-02, 1.73625E-02
2.78788E-02, 1.73741E-02
2.78450E-02, 1.73863E-02
2.78114E-02, 1.73990E-02
2.77778E-02, 1.74123E-02
2.77443E-02, 1.74262E-02
2.77108E-02, 1.74407E-02
2.76775E-02, 1.74556E-02
2.76442E-02, 1.74710E-02
2.76110E-02, 1.74869E-02
2.75779E-02, 1.75032E-02
2.75449E-02, 1.75199E-02
2.75120E-02, 1.75370E-02
2.74791E-02, 1.75544E-02
2.74463E-02, 1.75721E-02
2.74136E-02, 1.75900E-02
2.73810E-02, 1.76082E-02
2.73484E-02, 1.76266E-02
2.73159E-02, 1.76451E-02
2.72835E-02, 1.76637E-02
2.72512E-02, 1.76824E-02
2.72189E-02, 1.77011E-02
2.71868E-02, 1.77198E-02
2.71547E-02, 1.77385E-02
2.71226E-02, 1.77571E-02
2.70907E-02, 1.77755E-02
2.70588E-02, 1.77937E-02
2.70270E-02, 1.78118E-02
2.69953E-02, 1.78296E-02
2.69637E-02, 1.78471E-02
2.69321E-02, 1.78643E-02
2.69006E-02, 1.78811E-02
2.68692E-02, 1.78976E-02
2.68378E-02, 1.79137E-02
2.68065E-02, 1.79293E-02
2.67753E-02, 1.79445E-02
2.67442E-02, 1.79592E-02
2.67131E-02, 1.79735E-02
2.66821E-02, 1.79873E-02
2.66512E-02, 1.80006E-02
2.66204E-02, 1.80134E-02
2.65896E-02, 1.80257E-02
2.65589E-02, 1.80376E-02
2.65283E-02, 1.80490E-02
2.64977E-02, 1.80599E-02
2.64672E-02, 1.80704E-02
2.64368E-02, 1.80805E-02
2.64064E-02, 1.80902E-02
2.63761E-02, 1.80995E-02
2.63459E-02, 1.81085E-02
2.63158E-02, 1.81171E-02
2.62857E-02, 1.81255E-02
2.62557E-02, 1.81336E-02
2.62258E-02, 1.81414E-02
2.61959E-02, 1.81491E-02
2.61661E-02, 1.81566E-02
2.61364E-02, 1.81639E-02
2.61067E-02, 1.81712E-02
2.60771E-02, 1.81783E-02
2.60476E-02, 1.81854E-02
2.60181E-02, 1.81924E-02
2.59887E-02, 1.81995E-02
2.59594E-02, 1.82065E-02
2.59301E-02, 1.82135E-02
2.59009E-02, 1.82206E-02
2.58718E-02, 1.82277E-02
2.58427E-02, 1.82349E-02
2.58137E-02, 1.82421E-02
2.57848E-02, 1.82494E-02
2.57559E-02, 1.82567E-02
2.57271E-02, 1.82641E-02
2.56983E-02, 1.82716E-02
2.56696E-02, 1.82791E-02
2.56410E-02, 1.82867E-02
2.56125E-02, 1.82944E-02
2.55840E-02, 1.83020E-02
2.55556E-02, 1.83097E-02
2.55272E-02, 1.83174E-02
2.54989E-02, 1.83251E-02
2.54707E-02, 1.83329E-02
2.54425E-02, 1.83406E-02
2.54144E-02, 1.83482E-02
2.53863E-02, 1.83559E-02
2.53583E-02, 1.83634E-02
2.53304E-02, 1.83709E-02
2.53025E-02, 1.83783E-02
2.52747E-02, 1.83856E-02
2.52470E-02, 1.83928E-02
2.52193E-02, 1.83998E-02
2.51917E-02, 1.84067E-02
2.51641E-02, 1.84134E-02
2.51366E-02, 1.84199E-02
2.51092E-02, 1.84262E-02
2.50818E-02, 1.84323E-02
2.50545E-02, 1.84380E-02
2.50272E-02, 1.84436E-02
2.50000E-02, 1.84488E-02
2.49729E-02, 1.84536E-02
2.49458E-02, 1.84582E-02
2.49187E-02, 1.84624E-02
2.48918E-02, 1.84662E-02
2.48649E-02, 1.84696E-02
2.48380E-02, 1.84725E-02
2.48112E-02, 1.84751E-02
2.47845E-02, 1.84772E-02
2.47578E-02, 1.84788E-02
2.47312E-02, 1.84799E-02
2.47046E-02, 1.84806E-02
2.46781E-02, 1.84807E-02
2.46517E-02, 1.84804E-02
2.46253E-02, 1.84796E-02
2.45989E-02, 1.84783E-02
2.45726E-02, 1.84764E-02
2.45464E-02, 1.84741E-02
2.45203E-02, 1.84713E-02
2.44941E-02, 1.84680E-02
2.44681E-02, 1.84643E-02
2.44421E-02, 1.84602E-02
2.44161E-02, 1.84556E-02
2.43902E-02, 1.84506E-02
2.43644E-02, 1.84452E-02
2.43386E-02, 1.84395E-02
2.43129E-02, 1.84334E-02
2.42872E-02, 1.84270E-02
2.42616E-02, 1.84204E-02
2.42360E-02, 1.84134E-02
2.42105E-02, 1.84063E-02
2.41851E-02, 1.83989E-02
2.41597E-02, 1.83914E-02
2.41343E-02, 1.83837E-02
2.41090E-02, 1.83759E-02
2.40838E-02, 1.83680E-02
2.40586E-02, 1.83600E-02
2.40334E-02, 1.83519E-02
2.40084E-02, 1.83438E-02
2.39833E-02, 1.83357E-02
2.39583E-02, 1.83275E-02
2.39334E-02, 1.83194E-02
2.39085E-02, 1.83113E-02
2.38837E-02, 1.83032E-02
2.38589E-02, 1.82951E-02
2.38342E-02, 1.82871E-02
2.38095E-02, 1.82791E-02
2.37849E-02, 1.82711E-02
2.37603E-02, 1.82632E-02
2.37358E-02, 1.82554E-02
2.37113E-02, 1.82475E-02
2.36869E-02, 1.82397E-02
2.36626E-02, 1.82319E-02
2.36382E-02, 1.82241E-02
2.36140E-02, 1.82162E-02
2.35897E-02, 1.82084E-02
2.35656E-02, 1.82005E-02
2.35415E-02, 1.81925E-02
2.35174E-02, 1.81845E-02
2.34934E-02, 1.81763E-02
2.34694E-02, 1.81681E-02
2.34455E-02, 1.81597E-02
2.34216E-02, 1.81511E-02
2.33978E-02, 1.81424E-02
2.33740E-02, 1.81334E-02
2.33503E-02, 1.81242E-02
2.33266E-02, 1.81148E-02
2.33029E-02, 1.81051E-02
2.32794E-02, 1.80951E-02
2.32558E-02, 1.80848E-02
2.32323E-02, 1.80742E-02
2.32089E-02, 1.80632E-02
2.31855E-02, 1.80518E-02
2.31621E-02, 1.80401E-02
2.31388E-02, 1.80280E-02
2.31156E-02, 1.80154E-02
2.30924E-02, 1.80025E-02
2.30692E-02, 1.79891E-02
2.30461E-02, 1.79752E-02
2.30230E-02, 1.79609E-02
2.30000E-02, 1.79462E-02
2.29770E-02, 1.79309E-02
2.29541E-02, 1.79153E-02
2.29312E-02, 1.78991E-02
2.29084E-02, 1.78825E-02
2.28856E-02, 1.78654E-02
2.28628E-02, 1.78478E-02
2.28401E-02, 1.78298E-02
2.28175E-02, 1.78114E-02
2.27948E-02, 1.77925E-02
2.27723E-02, 1.77731E-02
2.27498E-02, 1.77533E-02
2.27273E-02, 1.77331E-02
2.27048E-02, 1.77125E-02
2.26824E-02, 1.76915E-02
2.26601E-02, 1.76702E-02
2.26378E-02, 1.76484E-02
2.26155E-02, 1.76264E-02
2.25933E-02, 1.76040E-02
2.25711E-02, 1.75812E-02
2.25490E-02, 1.75582E-02
2.25269E-02, 1.75349E-02
2.25049E-02, 1.75113E-02
2.24829E-02, 1.74875E-02
2.24609E-02, 1.74635E-02
2.24390E-02, 1.74392E-02
2.24172E-02, 1.74147E-02
2.23953E-02, 1.73901E-02
2.23735E-02, 1.73653E-02
2.23518E-02, 1.73404E-02
2.23301E-02, 1.73153E-02
2.23084E-02, 1.72901E-02
2.22868E-02, 1.72648E-02
2.22652E-02, 1.72395E-02
2.22437E-02, 1.72141E-02
2.22222E-02, 1.71886E-02
2.22008E-02, 1.71630E-02
2.21794E-02, 1.71375E-02
2.21580E-02, 1.71119E-02
2.21367E-02, 1.70863E-02
2.21154E-02, 1.70608E-02
2.20941E-02, 1.70352E-02
2.20729E-02, 1.70097E-02
2.20518E-02, 1.69842E-02
2.20307E-02, 1.69588E-02
2.20096E-02, 1.69334E-02
2.19885E-02, 1.69080E-02
2.19675E-02, 1.68828E-02
2.19466E-02, 1.68576E-02
2.19256E-02, 1.68325E-02
2.19048E-02, 1.68075E-02
2.18839E-02, 1.67826E-02
2.18631E-02, 1.67578E-02
2.18424E-02, 1.67331E-02
2.18216E-02, 1.67085E-02
2.18009E-02, 1.66840E-02
2.17803E-02, 1.66597E-02
2.17597E-02, 1.66355E-02
2.17391E-02, 1.66114E-02
2.17186E-02, 1.65875E-02
2.16981E-02, 1.65638E-02
2.16777E-02, 1.65402E-02
2.16573E-02, 1.65167E-02
2.16369E-02, 1.64934E-02
2.16165E-02, 1.64703E-02
2.15962E-02, 1.64474E-02
2.15760E-02, 1.64246E-02
2.15558E-02, 1.64020E-02
2.15356E-02, 1.63796E-02
2.15154E-02, 1.63574E-02
2.14953E-02, 1.63353E-02
2.14753E-02, 1.63135E-02
2.14552E-02, 1.62918E-02
2.14352E-02, 1.62704E-02
2.14153E-02, 1.62492E-02
2.13953E-02, 1.62281E-02
2.13755E-02, 1.62073E-02
2.13556E-02, 1.61867E-02
2.13358E-02, 1.61663E-02
2.13160E-02, 1.61461E-02
2.12963E-02, 1.61261E-02
2.12766E-02, 1.61063E-02
2.12569E-02, 1.60867E-02
2.12373E-02, 1.60674E-02
2.12177E-02, 1.60483E-02
2.11982E-02, 1.60294E-02
2.11786E-02, 1.60107E-02
2.11592E-02, 1.59923E-02
2.11397E-02, 1.59740E-02
2.11203E-02, 1.59560E-02
2.11009E-02, 1.59383E-02
2.10816E-02, 1.59207E-02
2.10623E-02, 1.59034E-02
2.10430E-02, 1.58863E-02
2.10238E-02, 1.58694E-02
2.10046E-02, 1.58527E-02
2.09854E-02, 1.58363E-02
2.09663E-02, 1.58201E-02
2.09472E-02, 1.58041E-02
2.09281E-02, 1.57884E-02
2.09091E-02, 1.57728E-02
2.08901E-02, 1.57576E-02
2.08711E-02, 1.57425E-02
2.08522E-02, 1.57276E-02
2.08333E-02, 1.57130E-02
2.08145E-02, 1.56986E-02
2.07957E-02, 1.56844E-02
2.07769E-02, 1.56705E-02
2.07581E-02, 1.56567E-02
2.07394E-02, 1.56432E-02
2.07207E-02, 1.56299E-02
2.07021E-02, 1.56168E-02
2.06835E-02, 1.56039E-02
2.06649E-02, 1.55912E-02
2.06463E-02, 1.55788E-02
2.06278E-02, 1.55665E-02
2.06093E-02, 1.55545E-02
2.05909E-02, 1.55426E-02
2.05725E-02, 1.55309E-02
2.05541E-02, 1.55195E-02
2.05357E-02, 1.55082E-02
2.05174E-02, 1.54971E-02
2.04991E-02, 1.54862E-02
2.04809E-02, 1.54755E-02
2.04626E-02, 1.54650E-02
2.04444E-02, 1.54547E-02
2.04263E-02, 1.54445E-02
2.04082E-02, 1.54344E-02
2.03901E-02, 1.54246E-02
2.03720E-02, 1.54149E-02
2.03540E-02, 1.54054E-02
2.03360E-02, 1.53960E-02
2.03180E-02, 1.53867E-02
2.03001E-02, 1.53776E-02
2.02822E-02, 1.53687E-02
2.02643E-02, 1.53599E-02
2.02465E-02, 1.53512E-02
2.02287E-02, 1.53426E-02
2.02109E-02, 1.53341E-02
2.01932E-02, 1.53258E-02
2.01754E-02, 1.53176E-02
2.01578E-02, 1.53095E-02
2.01401E-02, 1.53015E-02
2.01225E-02, 1.52936E-02
2.01049E-02, 1.52857E-02
2.00873E-02, 1.52780E-02
2.00698E-02, 1.52704E-02
2.00523E-02, 1.52628E-02
2.00348E-02, 1.52554E-02
2.00174E-02, 1.52480E-02
2.00000E-02, 1.52406E-02
1.99826E-02, 1.52334E-02
1.99653E-02, 1.52262E-02
1.99480E-02, 1.52191E-02
1.99307E-02, 1.52120E-02
1.99134E-02, 1.52050E-02
1.98962E-02, 1.51980E-02
1.98790E-02, 1.51911E-02
1.98618E-02, 1.51843E-02
1.98447E-02, 1.51775E-02
1.98276E-02, 1.51707E-02
1.98105E-02, 1.51640E-02
1.97935E-02, 1.51573E-02
1.97764E-02, 1.51507E-02
1.97595E-02, 1.51441E-02
1.97425E-02, 1.51376E-02
1.97256E-02, 1.51311E-02
1.97087E-02, 1.51246E-02
1.96918E-02, 1.51182E-02
1.96749E-02, 1.51118E-02
1.96581E-02, 1.51055E-02
1.96413E-02, 1.50992E-02
1.96246E-02, 1.50929E-02
1.96078E-02, 1.50867E-02
1.95911E-02, 1.50805E-02
1.95745E-02, 1.50744E-02
1.95578E-02, 1.50683E-02
1.95412E-02, 1.50623E-02
1.95246E-02, 1.50563E-02
1.95081E-02, 1.50503E-02
1.94915E-02, 1.50444E-02
1.94750E-02, 1.50386E-02
1.94585E-02, 1.50328E-02
1.94421E-02, 1.50271E-02
1.94257E-02, 1.50214E-02
1.94093E-02, 1.50158E-02
1.93929E-02, 1.50102E-02
1.93766E-02, 1.50047E-02
1.93603E-02, 1.49993E-02
1.93440E-02, 1.49939E-02
1.93277E-02, 1.49885E-02
1.93115E-02, 1.49833E-02
1.92953E-02, 1.49781E-02
1.92791E-02, 1.49730E-02
1.92630E-02, 1.49679E-02
1.92469E-02, 1.49629E-02
1.92308E-02, 1.49580E-02
1.92147E-02, 1.49531E-02
1.91987E-02, 1.49483E-02
1.91827E-02, 1.49435E-02
1.91667E-02, 1.49389E-02
1.91507E-02, 1.49343E-02
1.91348E-02, 1.49297E-02
1.91189E-02, 1.49253E-02
1.91030E-02, 1.49208E-02
1.90871E-02, 1.49165E-02
1.90713E-02, 1.49122E-02
1.90555E-02, 1.49080E-02
1.90397E-02, 1.49038E-02
1.90240E-02, 1.48997E-02
1.90083E-02, 1.48957E-02
1.89926E-02, 1.48917E-02
1.89769E-02, 1.48878E-02
1.89613E-02, 1.48839E-02
1.89456E-02, 1.48801E-02
1.89300E-02, 1.48763E-02
1.89145E-02, 1.48726E-02
1.88989E-02, 1.48689E-02
1.88834E-02, 1.48653E-02
1.88679E-02, 1.48618E-02
1.88525E-02, 1.48582E-02
1.88370E-02, 1.48548E-02
1.88216E-02, 1.48513E-02
1.88062E-02, 1.48479E-02
1.87908E-02, 1.48446E-02
1.87755E-02, 1.48413E-02
1.87602E-02, 1.48380E-02
1.87449E-02, 1.48348E-02
1.87296E-02, 1.48316E-02
1.87144E-02, 1.48284E-02
1.86992E-02, 1.48253E-02
1.86840E-02, 1.48222E-02
1.86688E-02, 1.48191E-02
1.86537E-02, 1.48161E-02
1.86386E-02, 1.48131E-02
1.86235E-02, 1.48101E-02
1.86084E-02, 1.48071E-02
1.85934E-02, 1.48042E-02
1.85784E-02, 1.48012E-02
1.85634E-02, 1.47983E-02
1.85484E-02, 1.47955E-02
1.85334E-02, 1.47926E-02
1.85185E-02, 1.47897E-02
1.85036E-02, 1.47869E-02
1.84887E-02, 1.47840E-02
1.84739E-02, 1.47812E-02
1.84591E-02, 1.47784E-02
1.84443E-02, 1.47756E-02
1.84295E-02, 1.47728E-02
1.84147E-02, 1.47700E-02
1.84000E-02, 1.47672E-02
1.83853E-02, 1.47643E-02
1.83706E-02, 1.47615E-02
1.83559E-02, 1.47587E-02
1.83413E-02, 1.47559E-02
1.83267E-02, 1.47530E-02
1.83121E-02, 1.47502E-02
1.82975E-02, 1.47473E-02
1.82830E-02, 1.47444E-02
1.82685E-02, 1.47415E-02
1.82540E-02, 1.47386E-02
1.82395E-02, 1.47356E-02
1.82250E-02, 1.47326E-02
1.82106E-02, 1.47296E-02
1.81962E-02, 1.47266E-02
1.81818E-02, 1.47235E-02
1.81675E-02, 1.47204E-02
1.81531E-02, 1.47172E-02
1.81388E-02, 1.47141E-02
1.81245E-02, 1.47108E-02
1.81102E-02, 1.47076E-02
1.80960E-02, 1.47043E-02
1.80818E-02, 1.47009E-02
1.80676E-02, 1.46976E-02
1.80534E-02, 1.46941E-02
1.80392E-02, 1.46906E-02
1.80251E-02, 1.46871E-02
1.80110E-02, 1.46836E-02
1.79969E-02, 1.46799E-02
1.79828E-02, 1.46763E-02
1.79688E-02, 1.46726E-02
1.79547E-02, 1.46688E-02
1.79407E-02, 1.46650E-02
1.79267E-02, 1.46611E-02
1.79128E-02, 1.46572E-02
1.78988E-02, 1.46533E-02
1.78849E-02, 1.46493E-02
1.78710E-02, 1.46452E-02
1.78571E-02, 1.46411E-02
1.78433E-02, 1.46370E-02
1.78295E-02, 1.46328E-02
1.78156E-02, 1.46286E-02
1.78019E-02, 1.46243E-02
1.77881E-02, 1.46200E-02
1.77743E-02, 1.46157E-02
1.77606E-02, 1.46113E-02
1.77469E-02, 1.46069E-02
1.77332E-02, 1.46024E-02
1.77196E-02, 1.45979E-02
1.77059E-02, 1.45934E-02
1.76923E-02, 1.45888E-02
1.76787E-02, 1.45842E-02
1.76651E-02, 1.45796E-02
1.76516E-02, 1.45749E-02
1.76380E-02, 1.45702E-02
1.76245E-02, 1.45655E-02
1.76110E-02, 1.45608E-02
1.75976E-02, 1.45560E-02
1.75841E-02, 1.45512E-02
1.75707E-02, 1.45464E-02
1.75573E-02, 1.45416E-02
1.75439E-02, 1.45368E-02
1.75305E-02, 1.45319E-02
1.75171E-02, 1.45270E-02
1.75038E-02, 1.45221E-02
1.74905E-02, 1.45172E-02
1.74772E-02, 1.45123E-02
1.74639E-02, 1.45073E-02
1.74507E-02, 1.45024E-02
1.74375E-02, 1.44974E-02
1.74242E-02, 1.44924E-02
1.74111E-02, 1.44874E-02
1.73979E-02, 1.44825E-02
1.73847E-02, 1.44775E-02
1.73716E-02, 1.44724E-02
1.73585E-02, 1.44674E-02
1.73454E-02, 1.44624E-02
1.73323E-02, 1.44574E-02
1.73193E-02, 1.44524E-02
1.73062E-02, 1.44473E-02
1.72932E-02, 1.44423E-02
1.72802E-02, 1.44373E-02
1.72673E-02, 1.44323E-02
1.72543E-02, 1.44272E-02
1.72414E-02, 1.44222E-02
1.72285E-02, 1.44172E-02
1.72156E-02, 1.44122E-02
1.72027E-02, 1.44072E-02
1.71898E-02, 1.44022E-02
1.71770E-02, 1.43972E-02
1.71642E-02, 1.43923E-02
1.71514E-02, 1.43873E-02
1.71386E-02, 1.43823E-02
1.71258E-02, 1.43774E-02
1.71131E-02, 1.43725E-02
1.71004E-02, 1.43676E-02
1.70877E-02, 1.43627E-02
1.70750E-02, 1.43578E-02
1.70623E-02, 1.43530E-02
1.70497E-02, 1.43482E-02
1.70370E-02, 1.43434E-02
1.70244E-02, 1.43386E-02
1.70118E-02, 1.43338E-02
1.69993E-02, 1.43291E-02
1.69867E-02, 1.43244E-02
1.69742E-02, 1.43197E-02
1.69617E-02, 1.43150E-02
1.69492E-02, 1.43104E-02
1.69367E-02, 1.43058E-02
1.69242E-02, 1.43013E-02
1.69118E-02, 1.42967E-02
1.68993E-02, 1.42922E-02
1.68869E-02, 1.42877E-02
1.68745E-02, 1.42833E-02
1.68622E-02, 1.42789E-02
1.68498E-02, 1.42745E-02
1.68375E-02, 1.42702E-02
1.68252E-02, 1.42659E-02
1.68129E-02, 1.42616E-02
1.68006E-02, 1.42574E-02
1.67883E-02, 1.42532E-02
1.67761E-02, 1.42491E-02
1.67638E-02, 1.42449E-02
1.67516E-02, 1.42408E-02
1.67394E-02, 1.42368E-02
1.67273E-02, 1.42328E-02
1.67151E-02, 1.42288E-02
1.67030E-02, 1.42249E-02
1.66909E-02, 1.42210E-02
1.66788E-02, 1.42171E-02
1.66667E-02, 1.42133E-02
1.66546E-02, 1.42095E-02
1.66425E-02, 1.42057E-02
1.66305E-02, 1.42020E-02
1.66185E-02, 1.41983E-02
1.66065E-02, 1.41946E-02
1.65945E-02, 1.41910E-02
1.65826E-02, 1.41875E-02
1.65706E-02, 1.41839E-02
1.65587E-02, 1.41804E-02
1.65468E-02, 1.41769E-02
1.65349E-02, 1.41735E-02
1.65230E-02, 1.41701E-02
1.65111E-02, 1.41667E-02
1.64993E-02, 1.41634E-02
1.64875E-02, 1.41601E-02
1.64756E-02, 1.41568E-02
1.64639E-02, 1.41536E-02
1.64521E-02, 1.41504E-02
1.64403E-02, 1.41472E-02
1.64286E-02, 1.41441E-02
1.64168E-02, 1.41410E-02
1.64051E-02, 1.41379E-02
1.63934E-02, 1.41349E-02
1.63818E-02, 1.41319E-02
1.63701E-02, 1.41289E-02
1.63585E-02, 1.41259E-02
1.63468E-02, 1.41230E-02
1.63352E-02, 1.41202E-02
1.63236E-02, 1.41173E-02
1.63121E-02, 1.41145E-02
1.63005E-02, 1.41117E-02
1.62890E-02, 1.41090E-02
1.62774E-02, 1.41063E-02
1.62659E-02, 1.41036E-02
1.62544E-02, 1.41009E-02
1.62429E-02, 1.40983E-02
1.62315E-02, 1.40957E-02
1.62200E-02, 1.40932E-02
1.62086E-02, 1.40906E-02
1.61972E-02, 1.40881E-02
1.61858E-02, 1.40857E-02
1.61744E-02, 1.40832E-02
1.61630E-02, 1.40808E-02
1.61517E-02, 1.40785E-02
1.61404E-02, 1.40761E-02
1.61290E-02, 1.40738E-02
1.61177E-02, 1.40715E-02
1.61064E-02, 1.40693E-02
1.60952E-02, 1.40671E-02
1.60839E-02, 1.40649E-02
1.60727E-02, 1.40627E-02
1.60615E-02, 1.40606E-02
1.60502E-02, 1.40585E-02
1.60391E-02, 1.40564E-02
1.60279E-02, 1.40543E-02
1.60167E-02, 1.40523E-02
1.60056E-02, 1.40503E-02
1.59944E-02, 1.40483E-02
1.59833E-02, 1.40464E-02
1.59722E-02, 1.40445E-02
1.59611E-02, 1.40426E-02
1.59501E-02, 1.40407E-02
1.59390E-02, 1.40388E-02
1.59280E-02, 1.40370E-02
1.59170E-02, 1.40352E-02
1.59059E-02, 1.40334E-02
1.58950E-02, 1.40317E-02
1.58840E-02, 1.40299E-02
1.58730E-02, 1.40282E-02
1.58621E-02, 1.40265E-02
1.58511E-02, 1.40248E-02
1.58402E-02, 1.40232E-02
1.58293E-02, 1.40215E-02
1.58184E-02, 1.40199E-02
1.58076E-02, 1.40183E-02
1.57967E-02, 1.40167E-02
1.57859E-02, 1.40151E-02
1.57750E-02, 1.40135E-02
1.57642E-02, 1.40120E-02
1.57534E-02, 1.40104E-02
1.57426E-02, 1.40089E-02
1.57319E-02, 1.40074E-02
1.57211E-02, 1.40059E-02
1.57104E-02, 1.40044E-02
1.56997E-02, 1.40029E-02
1.56889E-02, 1.40014E-02
1.56783E-02, 1.40000E-02
1.56676E-02, 1.39985E-02
1.56569E-02, 1.39970E-02
1.56463E-02, 1.39956E-02
1.56356E-02, 1.39942E-02
1.56250E-02, 1.39927E-02
1.56144E-02, 1.39913E-02
1.56038E-02, 1.39899E-02
1.55932E-02, 1.39885E-02
1.55827E-02, 1.39871E-02
1.55721E-02, 1.39856E-02
1.55616E-02, 1.39842E-02
1.55510E-02, 1.39828E-02
1.55405E-02, 1.39814E-02
1.55300E-02, 1.39800E-02
1.55196E-02, 1.39787E-02
1.55091E-02, 1.39773E-02
1.54987E-02, 1.39759E-02
1.54882E-02, 1.39745E-02
1.54778E-02, 1.39731E-02
1.54674E-02, 1.39717E-02
1.54570E-02, 1.39703E-02
1.54466E-02, 1.39690E-02
1.54362E-02, 1.39676E-02
1.54259E-02, 1.39662E-02
1.54155E-02, 1.39648E-02
1.54052E-02, 1.39635E-02
1.53949E-02, 1.39621E-02
1.53846E-02, 1.39607E-02
1.53743E-02, 1.39594E-02
1.53641E-02, 1.39580E-02
1.53538E-02, 1.39566E-02
1.53436E-02, 1.39553E-02
1.53333E-02, 1.39539E-02
1.53231E-02, 1.39526E-02
1.53129E-02, 1.39512E-02
1.53027E-02, 1.39499E-02
1.52926E-02, 1.39485E-02
1.52824E-02, 1.39472E-02
1.52722E-02, 1.39459E-02
1.52621E-02, 1.39445E-02
1.52520E-02, 1.39432E-02
1.52419E-02, 1.39419E-02
1.52318E-02, 1.39405E-02
1.52217E-02, 1.39392E-02
1.52116E-02, 1.39379E-02
1.52016E-02, 1.39366E-02
1.51915E-02, 1.39353E-02
1.51815E-02, 1.39340E-02
1.51715E-02, 1.39327E-02
1.51615E-02, 1.39315E-02
1.51515E-02, 1.39302E-02
1.51415E-02, 1.39289E-02
1.51316E-02, 1.39277E-02
1.51216E-02, 1.39264E-02
1.51117E-02, 1.39252E-02
1.51018E-02, 1.39240E-02
1.50919E-02, 1.39228E-02
1.50820E-02, 1.39215E-02
1.50721E-02, 1.39204E-02
1.50622E-02, 1.39192E-02
1.50524E-02, 1.39180E-02
1.50425E-02, 1.39168E-02
1.50327E-02, 1.39157E-02
1.50229E-02, 1.39145E-02
1.50131E-02, 1.39134E-02
1.50033E-02, 1.39123E-02
1.49935E-02, 1.39111E-02
1.49837E-02, 1.39100E-02
1.49740E-02, 1.39089E-02
1.49642E-02, 1.39079E-02
1.49545E-02, 1.39068E-02
1.49448E-02, 1.39057E-02
1.49351E-02, 1.39047E-02
1.49254E-02, 1.39037E-02
1.49157E-02, 1.39027E-02
1.49060E-02, 1.39016E-02
1.48964E-02, 1.39006E-02
1.48867E-02, 1.38997E-02
1.48771E-02, 1.38987E-02
1.48675E-02, 1.38977E-02
1.48579E-02, 1.38968E-02
1.48483E-02, 1.38958E-02
1.48387E-02, 1.38949E-02
1.48291E-02, 1.38940E-02
1.48196E-02, 1.38931E-02
1.48100E-02, 1.38922E-02
1.48005E-02, 1.38913E-02
1.47910E-02, 1.38904E-02
1.47815E-02, 1.38895E-02
1.47720E-02, 1.38886E-02
1.47625E-02, 1.38878E-02
1.47530E-02, 1.38869E-02
1.47436E-02, 1.38860E-02
1.47341E-02, 1.38852E-02
1.47247E-02, 1.38844E-02
1.47153E-02, 1.38835E-02
1.47059E-02, 1.38827E-02
1.46965E-02, 1.38819E-02
1.46871E-02, 1.38810E-02
1.46777E-02, 1.38802E-02
1.46684E-02, 1.38794E-02
1.46590E-02, 1.38786E-02
1.46497E-02, 1.38778E-02
1.46404E-02, 1.38770E-02
1.46310E-02, 1.38762E-02
1.46217E-02, 1.38753E-02
1.46125E-02, 1.38745E-02
1.46032E-02, 1.38737E-02
1.45939E-02, 1.38729E-02
1.45847E-02, 1.38721E-02
1.45754E-02, 1.38713E-02
1.45662E-02, 1.38704E-02
1.45570E-02, 1.38696E-02
1.45478E-02, 1.38688E-02
1.45386E-02, 1.38679E-02
1.45294E-02, 1.38671E-02
1.45202E-02, 1.38662E-02
1.45110E-02, 1.38654E-02
1.45019E-02, 1.38645E-02
1.44928E-02, 1.38637E-02
1.44836E-02, 1.38628E-02
1.44745E-02, 1.38619E-02
1.44654E-02, 1.38610E-02
1.44563E-02, 1.38601E-02
1.44472E-02, 1.38592E-02
1.44382E-02, 1.38583E-02
1.44291E-02, 1.38574E-02
1.44201E-02, 1.38565E-02
1.44110E-02, 1.38555E-02
1.44020E-02, 1.38546E-02
1.43930E-02, 1.38536E-02
1.43840E-02, 1.38527E-02
1.43750E-02, 1.38517E-02
1.43660E-02, 1.38507E-02
1.43571E-02, 1.38497E-02
1.43481E-02, 1.38487E-02
1.43392E-02, 1.38477E-02
1.43302E-02, 1.38467E-02
1.43213E-02, 1.38457E-02
1.43124E-02, 1.38447E-02
1.43035E-02, 1.38436E-02
1.42946E-02, 1.38426E-02
1.42857E-02, 1.38415E-02
1.42768E-02, 1.38405E-02
1.42680E-02, 1.38394E-02
1.42591E-02, 1.38383E-02
1.42503E-02, 1.38373E-02
1.42415E-02, 1.38362E-02
1.42327E-02, 1.38351E-02
1.42239E-02, 1.38340E-02
1.42151E-02, 1.38329E-02
1.42063E-02, 1.38318E-02
1.41975E-02, 1.38307E-02
1.41888E-02, 1.38296E-02
1.41800E-02, 1.38285E-02
1.41713E-02, 1.38274E-02
1.41626E-02, 1.38263E-02
1.41538E-02, 1.38251E-02
1.41451E-02, 1.38240E-02
1.41364E-02, 1.38229E-02
1.41278E-02, 1.38218E-02
1.41191E-02, 1.38207E-02
1.41104E-02, 1.38196E-02
1.41018E-02, 1.38185E-02
1.40931E-02, 1.38174E-02
1.40845E-02, 1.38163E-02
1.40759E-02, 1.38152E-02
1.40673E-02, 1.38141E-02
1.40587E-02, 1.38130E-02
1.40501E-02, 1.38119E-02
1.40415E-02, 1.38109E-02
1.40329E-02, 1.38098E-02
1.40244E-02, 1.38087E-02
1.40158E-02, 1.38077E-02
1.40073E-02, 1.38066E-02
1.39988E-02, 1.38056E-02
1.39903E-02, 1.38045E-02
1.39818E-02, 1.38035E-02
1.39733E-02, 1.38025E-02
1.39648E-02, 1.38015E-02
1.39563E-02, 1.38005E-02
1.39478E-02, 1.37995E-02
1.39394E-02, 1.37985E-02
1.39310E-02, 1.37975E-02
1.39225E-02, 1.37965E-02
1.39141E-02, 1.37956E-02
1.39057E-02, 1.37946E-02
1.38973E-02, 1.37937E-02
1.38889E-02, 1.37928E-02
1.38805E-02, 1.37919E-02
1.38721E-02, 1.37910E-02
1.38638E-02, 1.37901E-02
1.38554E-02, 1.37892E-02
1.38471E-02, 1.37883E-02
1.38387E-02, 1.37874E-02
1.38304E-02, 1.37866E-02
1.38221E-02, 1.37857E-02
1.38138E-02, 1.37849E-02
1.38055E-02, 1.37841E-02
1.37972E-02, 1.37832E-02
1.37890E-02, 1.37824E-02
1.37807E-02, 1.37816E-02
1.37725E-02, 1.37808E-02
1.37642E-02, 1.37800E-02
1.37560E-02, 1.37793E-02
1.37478E-02, 1.37785E-02
1.37395E-02, 1.37777E-02
1.37313E-02, 1.37770E-02
1.37232E-02, 1.37762E-02
1.37150E-02, 1.37755E-02
1.37068E-02, 1.37748E-02
1.36986E-02, 1.37740E-02
1.36905E-02, 1.37733E-02
1.36823E-02, 1.37726E-02
1.36742E-02, 1.37719E-02
1.36661E-02, 1.37712E-02
1.36580E-02, 1.37705E-02
1.36499E-02, 1.37698E-02
1.36418E-02, 1.37691E-02
1.36337E-02, 1.37684E-02
1.36256E-02, 1.37678E-02
1.36175E-02, 1.37671E-02
1.36095E-02, 1.37664E-02
1.36014E-02, 1.37657E-02
1.35934E-02, 1.37651E-02
1.35854E-02, 1.37644E-02
1.35773E-02, 1.37638E-02
1.35693E-02, 1.37631E-02
1.35613E-02, 1.37624E-02
1.35533E-02, 1.37618E-02
1.35453E-02, 1.37611E-02
1.35374E-02, 1.37605E-02
1.35294E-02, 1.37598E-02
1.35215E-02, 1.37591E-02
1.35135E-02, 1.37585E-02
1.35056E-02, 1.37578E-02
1.34977E-02, 1.37572E-02
1.34897E-02, 1.37565E-02
1.34818E-02, 1.37558E-02
1.34739E-02, 1.37552E-02
1.34660E-02, 1.37545E-02
1.34582E-02, 1.37538E-02
1.34503E-02, 1.37532E-02
1.34424E-02, 1.37525E-02
1.34346E-02, 1.37518E-02
1.34267E-02, 1.37511E-02
1.34189E-02, 1.37504E-02
1.34111E-02, 1.37497E-02
1.34033E-02, 1.37490E-02
1.33955E-02, 1.37483E-02
1.33877E-02, 1.37476E-02
1.33799E-02, 1.37469E-02
1.33721E-02, 1.37462E-02
1.33643E-02, 1.37455E-02
1.33566E-02, 1.37447E-02
1.33488E-02, 1.37440E-02
1.33411E-02, 1.37433E-02
1.33333E-02, 1.37425E-02
1.33256E-02, 1.37418E-02
1.33179E-02, 1.37410E-02
1.33102E-02, 1.37402E-02
1.33025E-02, 1.37395E-02
1.32948E-02, 1.37387E-02
1.32871E-02, 1.37379E-02
1.32794E-02, 1.37371E-02
1.32718E-02, 1.37363E-02
1.32641E-02, 1.37355E-02
1.32565E-02, 1.37347E-02
1.32488E-02, 1.37338E-02
1.32412E-02, 1.37330E-02
1.32336E-02, 1.37321E-02
1.32260E-02, 1.37313E-02
1.32184E-02, 1.37304E-02
1.32108E-02, 1.37296E-02
1.32032E-02, 1.37287E-02
1.31956E-02, 1.37278E-02
1.31881E-02, 1.37269E-02
1.31805E-02, 1.37260E-02
1.31730E-02, 1.37251E-02
1.31654E-02, 1.37242E-02
1.31579E-02, 1.37232E-02
1.31504E-02, 1.37223E-02
1.31429E-02, 1.37213E-02
1.31354E-02, 1.37204E-02
1.31279E-02, 1.37194E-02
1.31204E-02, 1.37184E-02
1.31129E-02, 1.37175E-02
1.31054E-02, 1.37165E-02
1.30979E-02, 1.37155E-02
1.30905E-02, 1.37145E-02
1.30830E-02, 1.37135E-02
1.30756E-02, 1.37124E-02
1.30682E-02, 1.37114E-02
1.30608E-02, 1.37104E-02
1.30533E-02, 1.37093E-02
1.30459E-02, 1.37083E-02
1.30385E-02, 1.37072E-02
1.30312E-02, 1.37062E-02
1.30238E-02, 1.37051E-02
1.30164E-02, 1.37040E-02
1.30090E-02, 1.37029E-02
1.30017E-02, 1.37018E-02
1.29944E-02, 1.37007E-02
1.29870E-02, 1.36996E-02
1.29797E-02, 1.36985E-02
1.29724E-02, 1.36974E-02
1.29651E-02, 1.36963E-02
1.29577E-02, 1.36952E-02
1.29505E-02, 1.36940E-02
1.29432E-02, 1.36929E-02
1.29359E-02, 1.36918E-02
1.29286E-02, 1.36906E-02
1.29213E-02, 1.36895E-02
1.29141E-02, 1.36883E-02
1.29068E-02, 1.36872E-02
1.28996E-02, 1.36860E-02
1.28924E-02, 1.36848E-02
1.28852E-02, 1.36837E-02
1.28779E-02, 1.36825E-02
1.28707E-02, 1.36813E-02
1.28635E-02, 1.36802E-02
1.28563E-02, 1.36790E-02
1.28492E-02, 1.36778E-02
1.28420E-02, 1.36766E-02
1.28348E-02, 1.36755E-02
1.28277E-02, 1.36743E-02
1.28205E-02, 1.36731E-02
1.28134E-02, 1.36719E-02
1.28062E-02, 1.36708E-02
1.27991E-02, 1.36696E-02
1.27920E-02, 1.36684E-02
1.27849E-02, 1.36672E-02
1.27778E-02, 1.36661E-02
1.27707E-02, 1.36649E-02
1.27636E-02, 1.36637E-02
1.27565E-02, 1.36625E-02
1.27494E-02, 1.36614E-02
1.27424E-02, 1.36602E-02
1.27353E-02, 1.36590E-02
1.27283E-02, 1.36579E-02
1.27212E-02, 1.36567E-02
1.27142E-02, 1.36556E-02
1.27072E-02, 1.36544E-02
1.27002E-02, 1.36533E-02
1.26932E-02, 1.36521E-02
1.26862E-02, 1.36510E-02
1.26792E-02, 1.36499E-02
1.26722E-02, 1.36487E-02
1.26652E-02, 1.36476E-02
1.26582E-02, 1.36465E-02
1.26513E-02, 1.36454E-02
1.26443E-02, 1.36443E-02
1.26374E-02, 1.36432E-02
1.26304E-02, 1.36421E-02
1.26235E-02, 1.36410E-02
1.26166E-02, 1.36399E-02
1.26096E-02, 1.36388E-02
1.26027E-02, 1.36378E-02
1.25958E-02, 1.36367E-02
1.25889E-02, 1.36357E-02
1.25821E-02, 1.36346E-02
1.25752E-02, 1.36336E-02
1.25683E-02, 1.36325E-02
1.25614E-02, 1.36315E-02
1.25546E-02, 1.36305E-02
1.25477E-02, 1.36295E-02
1.25409E-02, 1.36285E-02
1.25341E-02, 1.36275E-02
1.25272E-02, 1.36265E-02
1.25204E-02, 1.36255E-02
1.25136E-02, 1.36245E-02
1.25068E-02, 1.36235E-02
1.25000E-02, 1.36226E-02
1.24932E-02, 1.36216E-02
1.24864E-02, 1.36207E-02
1.24797E-02, 1.36198E-02
1.24729E-02, 1.36188E-02
1.24661E-02, 1.36179E-02
1.24594E-02, 1.36170E-02
1.24526E-02, 1.36161E-02
1.24459E-02, 1.36152E-02
1.24392E-02, 1.36143E-02
1.24324E-02, 1.36135E-02
1.24257E-02, 1.36126E-02
1.24190E-02, 1.36118E-02
1.24123E-02, 1.36109E-02
1.24056E-02, 1.36101E-02
1.23989E-02, 1.36093E-02
1.23922E-02, 1.36084E-02
1.23856E-02, 1.36076E-02
1.23789E-02, 1.36068E-02
1.23722E-02, 1.36060E-02
1.23656E-02, 1.36053E-02
1.23589E-02, 1.36045E-02
1.23523E-02, 1.36037E-02
1.23457E-02, 1.36030E-02
1.23391E-02, 1.36022E-02
1.23324E-02, 1.36015E-02
1.23258E-02, 1.36008E-02
1.23192E-02, 1.36001E-02
1.23126E-02, 1.35993E-02
1.23060E-02, 1.35986E-02
1.22995E-02, 1.35980E-02
1.22929E-02, 1.35973E-02
1.22863E-02, 1.35966E-02
1.22798E-02, 1.35960E-02
1.22732E-02, 1.35953E-02
1.22667E-02, 1.35947E-02
1.22601E-02, 1.35940E-02
1.22536E-02, 1.35934E-02
1.22471E-02, 1.35928E-02
1.22406E-02, 1.35922E-02
1.22340E-02, 1.35916E-02
1.22275E-02, 1.35910E-02
1.22210E-02, 1.35904E-02
1.22146E-02, 1.35898E-02
1.22081E-02, 1.35893E-02
1.22016E-02, 1.35887E-02
1.21951E-02, 1.35882E-02
1.21887E-02, 1.35876E-02
1.21822E-02, 1.35871E-02
1.21758E-02, 1.35866E-02
1.21693E-02, 1.35861E-02
1.21629E-02, 1.35856E-02
1.21564E-02, 1.35851E-02
1.21500E-02, 1.35846E-02
1.21436E-02, 1.35841E-02
1.21372E-02, 1.35837E-02
1.21308E-02, 1.35832E-02
1.21244E-02, 1.35828E-02
1.21180E-02, 1.35823E-02
1.21116E-02, 1.35819E-02
1.21053E-02, 1.35814E-02
1.20989E-02, 1.35810E-02
1.20925E-02, 1.35806E-02
1.20862E-02, 1.35802E-02
1.20798E-02, 1.35798E-02
1.20735E-02, 1.35794E-02
1.20672E-02, 1.35790E-02
1.20608E-02, 1.35787E-02
1.20545E-02, 1.35783E-02
1.20482E-02, 1.35779E-02
1.20419E-02, 1.35776E-02
1.20356E-02, 1.35772E-02
1.20293E-02, 1.35769E-02
1.20230E-02, 1.35765E-02
1.20167E-02, 1.35762E-02
1.20104E-02, 1.35759E-02
1.20042E-02, 1.35756E-02
1.19979E-02, 1.35753E-02
1.19917E-02, 1.35750E-02
1.19854E-02, 1.35747E-02
1.19792E-02, 1.35744E-02
1.19729E-02, 1.35741E-02
1.19667E-02, 1.35738E-02
1.19605E-02, 1.35735E-02
1.19543E-02, 1.35732E-02
1.19481E-02, 1.35730E-02
1.19418E-02, 1.35727E-02
1.19357E-02, 1.35724E-02
1.19295E-02, 1.35722E-02
1.19233E-02, 1.35719E-02
1.19171E-02, 1.35717E-02
1.19109E-02, 1.35715E-02
1.19048E-02, 1.35712E-02
1.18986E-02, 1.35710E-02
1.18925E-02, 1.35708E-02
1.18863E-02, 1.35705E-02
1.18802E-02, 1.35703E-02
1.18740E-02, 1.35701E-02
1.18679E-02, 1.35699E-02
1.18618E-02, 1.35697E-02
1.18557E-02, 1.35695E-02
1.18496E-02, 1.35693E-02
1.18435E-02, 1.35691E-02
1.18374E-02, 1.35689E-02
1.18313E-02, 1.35687E-02
1.18252E-02, 1.35685E-02
1.18191E-02, 1.35683E-02
1.18130E-02, 1.35681E-02
1.18070E-02, 1.35680E-02
1.18009E-02, 1.35678E-02
1.17949E-02, 1.35676E-02
1.17888E-02, 1.35674E-02
1.17828E-02, 1.35673E-02
1.17768E-02, 1.35671E-02
1.17707E-02, 1.35669E-02
1.17647E-02, 1.35668E-02
1.17587E-02, 1.35666E-02
1.17527E-02, 1.35664E-02
1.17467E-02, 1.35663E-02
1.17407E-02, 1.35661E-02
1.17347E-02, 1.35660E-02
1.17287E-02, 1.35658E-02
1.17227E-02, 1.35657E-02
1.17168E-02, 1.35655E-02
1.17108E-02, 1.35654E-02
1.17048E-02, 1.35653E-02
1.16989E-02, 1.35651E-02
1.16929E-02, 1.35650E-02
1.16870E-02, 1.35648E-02
1.16811E-02, 1.35647E-02
1.16751E-02, 1.35646E-02
1.16692E-02, 1.35644E-02
1.16633E-02, 1.35643E-02
1.16574E-02, 1.35642E-02
1.16515E-02, 1.35640E-02
1.16456E-02, 1.35639E-02
1.16397E-02, 1.35638E-02
1.16338E-02, 1.35637E-02
1.16279E-02, 1.35635E-02
1.16220E-02, 1.35634E-02
1.16162E-02, 1.35633E-02
1.16103E-02, 1.35632E-02
1.16044E-02, 1.35631E-02
1.15986E-02, 1.35629E-02
1.15927E-02, 1.35628E-02
1.15869E-02, 1.35627E-02
1.15811E-02, 1.35626E-02
1.15752E-02, 1.35625E-02
1.15694E-02, 1.35624E-02
1.15636E-02, 1.35623E-02
1.15578E-02, 1.35622E-02
1.15520E-02, 1.35621E-02
1.15462E-02, 1.35620E-02
1.15404E-02, 1.35619E-02
1.15346E-02, 1.35618E-02
1.15288E-02, 1.35617E-02
1.15230E-02, 1.35616E-02
1.15173E-02, 1.35615E-02
1.15115E-02, 1.35614E-02
1.15058E-02, 1.35613E-02
1.15000E-02, 1.35612E-02
1.14943E-02, 1.35611E-02
1.14885E-02, 1.35610E-02
1.14828E-02, 1.35609E-02
1.14770E-02, 1.35608E-02
1.14713E-02, 1.35607E-02
1.14656E-02, 1.35607E-02
1.14599E-02, 1.35606E-02
1.14542E-02, 1.35605E-02
1.14485E-02, 1.35604E-02
1.14428E-02, 1.35603E-02
1.14371E-02, 1.35603E-02
1.14314E-02, 1.35602E-02
1.14257E-02, 1.35601E-02
1.14201E-02, 1.35600E-02
1.14144E-02, 1.35600E-02
1.14087E-02, 1.35599E-02
1.14031E-02, 1.35598E-02
1.13974E-02, 1.35598E-02
1.13918E-02, 1.35597E-02
1.13861E-02, 1.35596E-02
1.13805E-02, 1.35596E-02
1.13749E-02, 1.35595E-02
1.13693E-02, 1.35595E-02
1.13636E-02, 1.35594E-02
1.13580E-02, 1.35594E-02
1.13524E-02, 1.35593E-02
1.13468E-02, 1.35593E-02
1.13412E-02, 1.35592E-02
1.13356E-02, 1.35592E-02
1.13300E-02, 1.35591E-02
1.13245E-02, 1.35591E-02
1.13189E-02, 1.35590E-02
1.13133E-02, 1.35590E-02
1.13078E-02, 1.35589E-02
1.13022E-02, 1.35589E-02
1.12967E-02, 1.35589E-02
1.12911E-02, 1.35588E-02
1.12856E-02, 1.35588E-02
1.12800E-02, 1.35588E-02
1.12745E-02, 1.35588E-02
1.12690E-02, 1.35587E-02
1.12635E-02, 1.35587E-02
1.12580E-02, 1.35587E-02
1.12524E-02, 1.35587E-02
1.12469E-02, 1.35587E-02
1.12414E-02, 1.35587E-02
1.12360E-02, 1.35587E-02
1.12305E-02, 1.35587E-02
1.12250E-02, 1.35587E-02
1.12195E-02, 1.35587E-02
1.12140E-02, 1.35587E-02
1.12086E-02, 1.35587E-02
1.12031E-02, 1.35587E-02
1.11977E-02, 1.35587E-02
1.11922E-02, 1.35587E-02
1.11868E-02, 1.35587E-02
1.11813E-02, 1.35587E-02
1.11759E-02, 1.35587E-02
1.11705E-02, 1.35588E-02
1.11650E-02, 1.35588E-02
1.11596E-02, 1.35588E-02
1.11542E-02, 1.35589E-02
1.11488E-02, 1.35589E-02
1.11434E-02, 1.35589E-02
1.11380E-02, 1.35590E-02
1.11326E-02, 1.35590E-02
1.11272E-02, 1.35591E-02
1.11219E-02, 1.35591E-02
1.11165E-02, 1.35592E-02
1.11111E-02, 1.35592E-02
1.11057E-02, 1.35593E-02
1.11004E-02, 1.35594E-02
1.10950E-02, 1.35594E-02
1.10897E-02, 1.35595E-02
1.10843E-02, 1.35596E-02
1.10790E-02, 1.35596E-02
1.10737E-02, 1.35597E-02
1.10683E-02, 1.35598E-02
1.10630E-02, 1.35599E-02
1.10577E-02, 1.35600E-02
1.10524E-02, 1.35601E-02
1.10471E-02, 1.35602E-02
1.10418E-02, 1.35602E-02
1.10365E-02, 1.35603E-02
1.10312E-02, 1.35604E-02
1.10259E-02, 1.35606E-02
1.10206E-02, 1.35607E-02
1.10153E-02, 1.35608E-02
1.10101E-02, 1.35609E-02
1.10048E-02, 1.35610E-02
1.09995E-02, 1.35611E-02
1.09943E-02, 1.35612E-02
1.09890E-02, 1.35614E-02
1.09838E-02, 1.35615E-02
1.09785E-02, 1.35616E-02
1.09733E-02, 1.35618E-02
1.09680E-02, 1.35619E-02
1.09628E-02, 1.35620E-02
1.09576E-02, 1.35622E-02
1.09524E-02, 1.35623E-02
1.09472E-02, 1.35625E-02
1.09420E-02, 1.35626E-02
1.09368E-02, 1.35628E-02
1.09316E-02, 1.35629E-02
1.09264E-02, 1.35631E-02
1.09212E-02, 1.35632E-02
1.09160E-02, 1.35634E-02
1.09108E-02, 1.35635E-02
1.09056E-02, 1.35637E-02
1.09005E-02, 1.35639E-02
1.08953E-02, 1.35640E-02
1.08902E-02, 1.35642E-02
1.08850E-02, 1.35644E-02
1.08798E-02, 1.35646E-02
1.08747E-02, 1.35647E-02
1.08696E-02, 1.35649E-02
1.08644E-02, 1.35651E-02
1.08593E-02, 1.35653E-02
1.08542E-02, 1.35655E-02
1.08491E-02, 1.35657E-02
1.08439E-02, 1.35658E-02
1.08388E-02, 1.35660E-02
1.08337E-02, 1.35662E-02
1.08286E-02, 1.35664E-02
1.08235E-02, 1.35666E-02
1.08184E-02, 1.35668E-02
1.08134E-02, 1.35670E-02
1.08083E-02, 1.35672E-02
1.08032E-02, 1.35674E-02
1.07981E-02, 1.35676E-02
1.07931E-02, 1.35678E-02
1.07880E-02, 1.35680E-02
1.07829E-02, 1.35682E-02
1.07779E-02, 1.35684E-02
1.07728E-02, 1.35686E-02
1.07678E-02, 1.35689E-02
1.07628E-02, 1.35691E-02
1.07577E-02, 1.35693E-02
1.07527E-02, 1.35695E-02
1.07477E-02, 1.35697E-02
1.07426E-02, 1.35699E-02
1.07376E-02, 1.35702E-02
1.07326E-02, 1.35704E-02
1.07276E-02, 1.35706E-02
1.07226E-02, 1.35708E-02
1.07176E-02, 1.35710E-02
1.07126E-02, 1.35713E-02
1.07076E-02, 1.35715E-02
1.07027E-02, 1.35717E-02
1.06977E-02, 1.35720E-02
1.06927E-02, 1.35722E-02
1.06877E-02, 1.35724E-02
1.06828E-02, 1.35727E-02
1.06778E-02, 1.35729E-02
1.06729E-02, 1.35731E-02
1.06679E-02, 1.35734E-02
1.06630E-02, 1.35736E-02
1.06580E-02, 1.35739E-02
1.06531E-02, 1.35741E-02
1.06481E-02, 1.35743E-02
1.06432E-02, 1.35746E-02
1.06383E-02, 1.35748E-02
1.06334E-02, 1.35751E-02
1.06285E-02, 1.35753E-02
1.06236E-02, 1.35756E-02
1.06187E-02, 1.35758E-02
1.06138E-02, 1.35761E-02
1.06089E-02, 1.35763E-02
1.06040E-02, 1.35766E-02
1.05991E-02, 1.35769E-02
1.05942E-02, 1.35771E-02
1.05893E-02, 1.35774E-02
1.05844E-02, 1.35776E-02
1.05796E-02, 1.35779E-02
1.05747E-02, 1.35781E-02
1.05699E-02, 1.35784E-02
1.05650E-02, 1.35787E-02
1.05601E-02, 1.35789E-02
1.05553E-02, 1.35792E-02
1.05505E-02, 1.35795E-02
1.05456E-02, 1.35797E-02
1.05408E-02, 1.35800E-02
1.05360E-02, 1.35803E-02
1.05311E-02, 1.35805E-02
1.05263E-02, 1.35808E-02
1.05215E-02, 1.35811E-02
1.05167E-02, 1.35813E-02
1.05119E-02, 1.35816E-02
1.05071E-02, 1.35819E-02
1.05023E-02, 1.35821E-02
1.04975E-02, 1.35824E-02
1.04927E-02, 1.35827E-02
1.04879E-02, 1.35830E-02
1.04831E-02, 1.35832E-02
1.04784E-02, 1.35835E-02
1.04736E-02, 1.35838E-02
1.04688E-02, 1.35841E-02
1.04641E-02, 1.35843E-02
1.04593E-02, 1.35846E-02
1.04545E-02, 1.35849E-02
1.04498E-02, 1.35852E-02
1.04450E-02, 1.35854E-02
1.04403E-02, 1.35857E-02
1.04356E-02, 1.35860E-02
1.04308E-02, 1.35863E-02
1.04261E-02, 1.35865E-02
1.04214E-02, 1.35868E-02
1.04167E-02, 1.35871E-02
1.04120E-02, 1.35874E-02
1.04072E-02, 1.35876E-02
1.04025E-02, 1.35879E-02
1.03978E-02, 1.35882E-02
1.03931E-02, 1.35885E-02
1.03884E-02, 1.35887E-02
1.03837E-02, 1.35890E-02
1.03791E-02, 1.35893E-02
1.03744E-02, 1.35896E-02
1.03697E-02, 1.35898E-02
1.03650E-02, 1.35901E-02
1.03604E-02, 1.35904E-02
1.03557E-02, 1.35907E-02
1.03510E-02, 1.35909E-02
1.03464E-02, 1.35912E-02
1.03417E-02, 1.35915E-02
1.03371E-02, 1.35917E-02
1.03324E-02, 1.35920E-02
1.03278E-02, 1.35923E-02
1.03232E-02, 1.35925E-02
1.03185E-02, 1.35928E-02
1.03139E-02, 1.35931E-02
1.03093E-02, 1.35933E-02
1.03047E-02, 1.35936E-02
1.03000E-02, 1.35938E-02
1.02954E-02, 1.35941E-02
1.02908E-02, 1.35944E-02
1.02862E-02, 1.35946E-02
1.02816E-02, 1.35949E-02
1.02770E-02, 1.35951E-02
1.02724E-02, 1.35954E-02
1.02679E-02, 1.35956E-02
1.02633E-02, 1.35959E-02
1.02587E-02, 1.35961E-02
1.02541E-02, 1.35963E-02
1.02496E-02, 1.35966E-02
1.02450E-02, 1.35968E-02
1.02404E-02, 1.35971E-02
1.02359E-02, 1.35973E-02
1.02313E-02, 1.35975E-02
1.02268E-02, 1.35978E-02
1.02222E-02, 1.35980E-02
1.02177E-02, 1.35982E-02
1.02131E-02, 1.35984E-02
1.02086E-02, 1.35987E-02
1.02041E-02, 1.35989E-02
1.01996E-02, 1.35991E-02
1.01950E-02, 1.35993E-02
1.01905E-02, 1.35995E-02
1.01860E-02, 1.35997E-02
1.01815E-02, 1.35999E-02
1.01770E-02, 1.36001E-02
1.01725E-02, 1.36003E-02
1.01680E-02, 1.36005E-02
1.01635E-02, 1.36007E-02
1.01590E-02, 1.36009E-02
1.01545E-02, 1.36010E-02
1.01500E-02, 1.36012E-02
1.01456E-02, 1.36014E-02
1.01411E-02, 1.36016E-02
1.01366E-02, 1.36017E-02
1.01322E-02, 1.36019E-02
1.01277E-02, 1.36020E-02
1.01232E-02, 1.36022E-02
1.01188E-02, 1.36023E-02
1.01143E-02, 1.36025E-02
1.01099E-02, 1.36026E-02
1.01054E-02, 1.36027E-02
1.01010E-02, 1.36029E-02
1.00966E-02, 1.36030E-02
1.00921E-02, 1.36031E-02
1.00877E-02, 1.36032E-02
1.00833E-02, 1.36033E-02
1.00789E-02, 1.36034E-02
1.00745E-02, 1.36035E-02
1.00701E-02, 1.36036E-02
1.00656E-02, 1.36037E-02
1.00612E-02, 1.36038E-02
1.00568E-02, 1.36039E-02
1.00524E-02, 1.36039E-02
1.00481E-02, 1.36040E-02
1.00437E-02, 1.36041E-02
1.00393E-02, 1.36041E-02
1.00349E-02, 1.36042E-02
1.00305E-02, 1.36042E-02
1.00262E-02, 1.36042E-02
1.00218E-02, 1.36043E-02
1.00174E-02, 1.36043E-02
1.00131E-02, 1.36043E-02
1.00087E-02, 1.36043E-02
1.00043E-02, 1.36043E-02
1.00000E-02, 1.36043E-02
9.99565E-03, 1.36043E-02
9.99131E-03, 1.36043E-02
9.98697E-03, 1.36043E-02
9.98264E-03, 1.36042E-02
9.97831E-03, 1.36042E-02
9.97398E-03, 1.36042E-02
9.96966E-03, 1.36041E-02
9.96534E-03, 1.36040E-02
9.96102E-03, 1.36040E-02
9.95671E-03, 1.36039E-02
9.95240E-03, 1.36038E-02
9.94810E-03, 1.36038E-02
9.94380E-03, 1.36037E-02
9.93950E-03, 1.36036E-02
9.93521E-03, 1.36035E-02
9.93092E-03, 1.36033E-02
9.92663E-03, 1.36032E-02
9.92235E-03, 1.36031E-02
9.91807E-03, 1.36030E-02
9.91379E-03, 1.36028E-02
9.90952E-03, 1.36027E-02
9.90525E-03, 1.36025E-02
9.90099E-03, 1.36024E-02
9.89673E-03, 1.36022E-02
9.89247E-03, 1.36020E-02
9.88822E-03, 1.36018E-02
9.88397E-03, 1.36017E-02
9.87973E-03, 1.36015E-02
9.87548E-03, 1.36013E-02
9.87124E-03, 1.36010E-02
9.86701E-03, 1.36008E-02
9.86278E-03, 1.36006E-02
9.85855E-03, 1.36004E-02
9.85433E-03, 1.36001E-02
9.85011E-03, 1.35999E-02
9.84589E-03, 1.35996E-02
9.84168E-03, 1.35994E-02
9.83747E-03, 1.35991E-02
9.83326E-03, 1.35988E-02
9.82906E-03, 1.35986E-02
9.82486E-03, 1.35983E-02
9.82067E-03, 1.35980E-02
9.81647E-03, 1.35977E-02
9.81229E-03, 1.35974E-02
9.80810E-03, 1.35971E-02
9.80392E-03, 1.35967E-02
9.79974E-03, 1.35964E-02
9.79557E-03, 1.35961E-02
9.79140E-03, 1.35957E-02
9.78723E-03, 1.35954E-02
9.78307E-03, 1.35950E-02
9.77891E-03, 1.35947E-02
9.77476E-03, 1.35943E-02
9.77060E-03, 1.35939E-02
9.76645E-03, 1.35935E-02
9.76231E-03, 1.35931E-02
9.75817E-03, 1.35927E-02
9.75403E-03, 1.35923E-02
9.74989E-03, 1.35919E-02
9.74576E-03, 1.35915E-02
9.74163E-03, 1.35911E-02
9.73751E-03, 1.35906E-02
9.73339E-03, 1.35902E-02
9.72927E-03, 1.35897E-02
9.72516E-03, 1.35893E-02
9.72105E-03, 1.35888E-02
9.71694E-03, 1.35883E-02
9.71284E-03, 1.35879E-02
9.70874E-03, 1.35874E-02
9.70464E-03, 1.35869E-02
9.70055E-03, 1.35864E-02
9.69646E-03, 1.35859E-02
9.69237E-03, 1.35854E-02
9.68829E-03, 1.35849E-02
9.68421E-03, 1.35843E-02
9.68013E-03, 1.35838E-02
9.67606E-03, 1.35833E-02
9.67199E-03, 1.35827E-02
9.66793E-03, 1.35821E-02
9.66387E-03, 1.35816E-02
9.65981E-03, 1.35810E-02
9.65575E-03, 1.35804E-02
9.65170E-03, 1.35799E-02
9.64765E-03, 1.35793E-02
9.64361E-03, 1.35787E-02
9.63956E-03, 1.35781E-02
9.63553E-03, 1.35775E-02
9.63149E-03, 1.35768E-02
9.62746E-03, 1.35762E-02
9.62343E-03, 1.35756E-02
9.61941E-03, 1.35749E-02
9.61538E-03, 1.35743E-02
9.61137E-03, 1.35736E-02
9.60735E-03, 1.35730E-02
9.60334E-03, 1.35723E-02
9.59933E-03, 1.35716E-02
9.59533E-03, 1.35710E-02
9.59133E-03, 1.35703E-02
9.58733E-03, 1.35696E-02
9.58333E-03, 1.35689E-02
9.57934E-03, 1.35682E-02
9.57535E-03, 1.35674E-02
9.57137E-03, 1.35667E-02
9.56739E-03, 1.35660E-02
9.56341E-03, 1.35652E-02
9.55943E-03, 1.35645E-02
9.55546E-03, 1.35637E-02
9.55150E-03, 1.35630E-02
9.54753E-03, 1.35622E-02
9.54357E-03, 1.35614E-02
9.53961E-03, 1.35606E-02
9.53566E-03, 1.35599E-02
9.53170E-03, 1.35591E-02
9.52775E-03, 1.35583E-02
9.52381E-03, 1.35574E-02
9.51987E-03, 1.35566E-02
9.51593E-03, 1.35558E-02
9.51199E-03, 1.35550E-02
9.50806E-03, 1.35541E-02
9.50413E-03, 1.35533E-02
9.50021E-03, 1.35524E-02
9.49628E-03, 1.35516E-02
9.49236E-03, 1.35507E-02
9.48845E-03, 1.35498E-02
9.48454E-03, 1.35489E-02
9.48063E-03, 1.35480E-02
9.47672E-03, 1.35471E-02
9.47282E-03, 1.35462E-02
9.46892E-03, 1.35453E-02
9.46502E-03, 1.35444E-02
9.46113E-03, 1.35435E-02
9.45724E-03, 1.35425E-02
9.45335E-03, 1.35416E-02
9.44947E-03, 1.35406E-02
9.44559E-03, 1.35397E-02
9.44171E-03, 1.35387E-02
9.43783E-03, 1.35378E-02
9.43396E-03, 1.35368E-02
9.43009E-03, 1.35358E-02
9.42623E-03, 1.35348E-02
9.42237E-03, 1.35338E-02
9.41851E-03, 1.35328E-02
9.41465E-03, 1.35318E-02
9.41080E-03, 1.35308E-02
9.40695E-03, 1.35297E-02
9.40311E-03, 1.35287E-02
9.39926E-03, 1.35277E-02
9.39542E-03, 1.35266E-02
9.39159E-03, 1.35255E-02
9.38776E-03, 1.35245E-02
9.38392E-03, 1.35234E-02
9.38010E-03, 1.35223E-02
9.37627E-03, 1.35213E-02
9.37245E-03, 1.35202E-02
9.36864E-03, 1.35191E-02
9.36482E-03, 1.35180E-02
9.36101E-03, 1.35169E-02
9.35720E-03, 1.35157E-02
9.35340E-03, 1.35146E-02
9.34959E-03, 1.35135E-02
9.34579E-03, 1.35123E-02
9.34200E-03, 1.35112E-02
9.33821E-03, 1.35100E-02
9.33442E-03, 1.35089E-02
9.33063E-03, 1.35077E-02
9.32685E-03, 1.35066E-02
9.32306E-03, 1.35054E-02
9.31929E-03, 1.35042E-02
9.31551E-03, 1.35030E-02
9.31174E-03, 1.35018E-02
9.30797E-03, 1.35006E-02
9.30421E-03, 1.34994E-02
9.30044E-03, 1.34982E-02
9.29669E-03, 1.34970E-02
9.29293E-03, 1.34958E-02
9.28918E-03, 1.34945E-02
9.28543E-03, 1.34933E-02
9.28168E-03, 1.34921E-02
9.27793E-03, 1.34908E-02
9.27419E-03, 1.34896E-02
9.27046E-03, 1.34883E-02
9.26672E-03, 1.34870E-02
9.26299E-03, 1.34858E-02
9.25926E-03, 1.34845E-02
9.25553E-03, 1.34832E-02
9.25181E-03, 1.34819E-02
9.24809E-03, 1.34807E-02
9.24437E-03, 1.34794E-02
9.24066E-03, 1.34781E-02
9.23695E-03, 1.34768E-02
9.23324E-03, 1.34755E-02
9.22953E-03, 1.34742E-02
9.22583E-03, 1.34729E-02
9.22213E-03, 1.34715E-02
9.21844E-03, 1.34702E-02
9.21474E-03, 1.34689E-02
9.21105E-03, 1.34676E-02
9.20737E-03, 1.34662E-02
9.20368E-03, 1.34649E-02
9.20000E-03, 1.34636E-02
9.19632E-03, 1.34622E-02
9.19265E-03, 1.34609E-02
9.18897E-03, 1.34595E-02
9.18530E-03, 1.34582E-02
9.18164E-03, 1.34568E-02
9.17797E-03, 1.34555E-02
9.17431E-03, 1.34541E-02
9.17065E-03, 1.34528E-02
9.16700E-03, 1.34514E-02
9.16335E-03, 1.34500E-02
9.15970E-03, 1.34487E-02
9.15605E-03, 1.34473E-02
9.15241E-03, 1.34459E-02
9.14877E-03, 1.34445E-02
9.14513E-03, 1.34432E-02
9.14149E-03, 1.34418E-02
9.13786E-03, 1.34404E-02
9.13423E-03, 1.34390E-02
9.13061E-03, 1.34376E-02
9.12698E-03, 1.34363E-02
9.12336E-03, 1.34349E-02
9.11975E-03, 1.34335E-02
9.11613E-03, 1.34321E-02
9.11252E-03, 1.34307E-02
9.10891E-03, 1.34293E-02
9.10530E-03, 1.34279E-02
9.10170E-03, 1.34265E-02
9.09810E-03, 1.34252E-02
9.09450E-03, 1.34238E-02
9.09091E-03, 1.34224E-02
9.08732E-03, 1.34210E-02
9.08373E-03, 1.34196E-02
9.08014E-03, 1.34182E-02
9.07656E-03, 1.34168E-02
9.07298E-03, 1.34154E-02
9.06940E-03, 1.34140E-02
9.06583E-03, 1.34126E-02
9.06225E-03, 1.34113E-02
9.05868E-03, 1.34099E-02
9.05512E-03, 1.34085E-02
9.05155E-03, 1.34071E-02
9.04799E-03, 1.34057E-02
9.04444E-03, 1.34043E-02
9.04088E-03, 1.34030E-02
9.03733E-03, 1.34016E-02
9.03378E-03, 1.34002E-02
9.03023E-03, 1.33988E-02
9.02669E-03, 1.33974E-02
9.02315E-03, 1.33961E-02
9.01961E-03, 1.33947E-02
9.01607E-03, 1.33933E-02
9.01254E-03, 1.33920E-02
9.00901E-03, 1.33906E-02
9.00548E-03, 1.33892E-02
9.00196E-03, 1.33879E-02
8.99844E-03, 1.33865E-02
8.99492E-03, 1.33852E-02
8.99140E-03, 1.33838E-02
8.98789E-03, 1.33825E-02
8.98438E-03, 1.33811E-02
8.98087E-03, 1.33798E-02
8.97736E-03, 1.33784E-02
8.97386E-03, 1.33771E-02
8.97036E-03, 1.33757E-02
8.96686E-03, 1.33744E-02
8.96337E-03, 1.33731E-02
8.95988E-03, 1.33717E-02
8.95639E-03, 1.33704E-02
8.95290E-03, 1.33691E-02
8.94942E-03, 1.33678E-02
8.94594E-03, 1.33665E-02
8.94246E-03, 1.33651E-02
8.93898E-03, 1.33638E-02
8.93551E-03, 1.33625E-02
8.93204E-03, 1.33612E-02
8.92857E-03, 1.33599E-02
8.92511E-03, 1.33586E-02
8.92164E-03, 1.33574E-02
8.91819E-03, 1.33561E-02
8.91473E-03, 1.33548E-02
8.91127E-03, 1.33535E-02
8.90782E-03, 1.33522E-02
8.90437E-03, 1.33510E-02
8.90093E-03, 1.33497E-02
8.89749E-03, 1.33484E-02
8.89404E-03, 1.33472E-02
8.89061E-03, 1.33459E-02
8.88717E-03, 1.33447E-02
8.88374E-03, 1.33434E-02
8.88031E-03, 1.33422E-02
8.87688E-03, 1.33410E-02
8.87346E-03, 1.33397E-02
8.87003E-03, 1.33385E-02
8.86662E-03, 1.33373E-02
8.86320E-03, 1.33361E-02
8.85978E-03, 1.33348E-02
8.85637E-03, 1.33336E-02
8.85296E-03, 1.33324E-02
8.84956E-03, 1.33312E-02
8.84615E-03, 1.33300E-02
8.84275E-03, 1.33288E-02
8.83935E-03, 1.33277E-02
8.83596E-03, 1.33265E-02
8.83257E-03, 1.33253E-02
8.82917E-03, 1.33241E-02
8.82579E-03, 1.33230E-02
8.82240E-03, 1.33218E-02
8.81902E-03, 1.33206E-02
8.81564E-03, 1.33195E-02
8.81226E-03, 1.33183E-02
8.80889E-03, 1.33172E-02
8.80551E-03, 1.33161E-02
8.80214E-03, 1.33149E-02
8.79878E-03, 1.33138E-02
8.79541E-03, 1.33127E-02
8.79205E-03, 1.33116E-02
8.78869E-03, 1.33104E-02
8.78533E-03, 1.33093E-02
8.78198E-03, 1.33082E-02
8.77863E-03, 1.33071E-02
8.77528E-03, 1.33060E-02
8.77193E-03, 1.33049E-02
8.76859E-03, 1.33039E-02
8.76524E-03, 1.33028E-02
8.76190E-03, 1.33017E-02
8.75857E-03, 1.33006E-02
8.75523E-03, 1.32996E-02
8.75190E-03, 1.32985E-02
8.74857E-03, 1.32975E-02
8.74525E-03, 1.32964E-02
8.74192E-03, 1.32954E-02
8.73860E-03, 1.32943E-02
8.73528E-03, 1.32933E-02
8.73197E-03, 1.32923E-02
8.72865E-03, 1.32913E-02
8.72534E-03, 1.32902E-02
8.72203E-03, 1.32892E-02
8.71873E-03, 1.32882E-02
8.71542E-03, 1.32872E-02
8.71212E-03, 1.32862E-02
8.70882E-03, 1.32852E-02
8.70553E-03, 1.32842E-02
8.70223E-03, 1.32832E-02
8.69894E-03, 1.32823E-02
8.69565E-03, 1.32813E-02
8.69237E-03, 1.32803E-02
8.68908E-03, 1.32794E-02
8.68580E-03, 1.32784E-02
8.68252E-03, 1.32774E-02
8.67925E-03, 1.32765E-02
8.67597E-03, 1.32756E-02
8.67270E-03, 1.32746E-02
8.66943E-03, 1.32737E-02
8.66616E-03, 1.32727E-02
8.66290E-03, 1.32718E-02
8.65964E-03, 1.32709E-02
8.65638E-03, 1.32700E-02
8.65312E-03, 1.32691E-02
8.64987E-03, 1.32682E-02
8.64662E-03, 1.32673E-02
8.64337E-03, 1.32664E-02
8.64012E-03, 1.32655E-02
8.63688E-03, 1.32646E-02
8.63363E-03, 1.32637E-02
8.63039E-03, 1.32628E-02
8.62716E-03, 1.32620E-02
8.62392E-03, 1.32611E-02
8.62069E-03, 1.32602E-02
8.61746E-03, 1.32594E-02
8.61423E-03, 1.32585E-02
8.61101E-03, 1.32577E-02
8.60778E-03, 1.32568E-02
8.60456E-03, 1.32560E-02
8.60135E-03, 1.32551E-02
8.59813E-03, 1.32543E-02
8.59492E-03, 1.32535E-02
8.59171E-03, 1.32526E-02
8.58850E-03, 1.32518E-02
8.58529E-03, 1.32510E-02
8.58209E-03, 1.32502E-02
8.57889E-03, 1.32494E-02
8.57569E-03, 1.32486E-02
8.57249E-03, 1.32478E-02
8.56930E-03, 1.32470E-02
8.56611E-03, 1.32462E-02
8.56292E-03, 1.32454E-02
8.55973E-03, 1.32446E-02
8.55655E-03, 1.32439E-02
8.55337E-03, 1.32431E-02
8.55019E-03, 1.32423E-02
8.54701E-03, 1.32416E-02
8.54383E-03, 1.32408E-02
8.54066E-03, 1.32400E-02
8.53749E-03, 1.32393E-02
8.53432E-03, 1.32385E-02
8.53116E-03, 1.32378E-02
8.52799E-03, 1.32370E-02
8.52483E-03, 1.32363E-02
8.52167E-03, 1.32356E-02
8.51852E-03, 1.32348E-02
8.51536E-03, 1.32341E-02
8.51221E-03, 1.32334E-02
8.50906E-03, 1.32327E-02
8.50592E-03, 1.32320E-02
8.50277E-03, 1.32313E-02
8.49963E-03, 1.32306E-02
8.49649E-03, 1.32299E-02
8.49335E-03, 1.32292E-02
8.49022E-03, 1.32285E-02
8.48708E-03, 1.32278E-02
8.48395E-03, 1.32271E-02
8.48083E-03, 1.32264E-02
8.47770E-03, 1.32257E-02
8.47458E-03, 1.32250E-02
8.47145E-03, 1.32244E-02
8.46834E-03, 1.32237E-02
8.46522E-03, 1.32230E-02
8.46210E-03, 1.32224E-02
8.45899E-03, 1.32217E-02
8.45588E-03, 1.32211E-02
8.45277E-03, 1.32204E-02
8.44967E-03, 1.32198E-02
8.44657E-03, 1.32191E-02
8.44347E-03, 1.32185E-02
8.44037E-03, 1.32178E-02
8.43727E-03, 1.32172E-02
8.43418E-03, 1.32166E-02
8.43109E-03, 1.32159E-02
8.42800E-03, 1.32153E-02
8.42491E-03, 1.32147E-02
8.42182E-03, 1.32141E-02
8.41874E-03, 1.32134E-02
8.41566E-03, 1.32128E-02
8.41258E-03, 1.32122E-02
8.40951E-03, 1.32116E-02
8.40643E-03, 1.32110E-02
8.40336E-03, 1.32104E-02
8.40029E-03, 1.32098E-02
8.39723E-03, 1.32092E-02
8.39416E-03, 1.32086E-02
8.39110E-03, 1.32080E-02
8.38804E-03, 1.32075E-02
8.38498E-03, 1.32069E-02
8.38192E-03, 1.32063E-02
8.37887E-03, 1.32057E-02
8.37582E-03, 1.32051E-02
8.37277E-03, 1.32046E-02
8.36972E-03, 1.32040E-02
8.36668E-03, 1.32034E-02
8.36364E-03, 1.32029E-02
8.36060E-03, 1.32023E-02
8.35756E-03, 1.32018E-02
8.35452E-03, 1.32012E-02
8.35149E-03, 1.32006E-02
8.34846E-03, 1.32001E-02
8.34543E-03, 1.31996E-02
8.34240E-03, 1.31990E-02
8.33938E-03, 1.31985E-02
8.33635E-03, 1.31979E-02
8.33333E-03, 1.31974E-02
8.33032E-03, 1.31969E-02
8.32730E-03, 1.31963E-02
8.32429E-03, 1.31958E-02
8.32127E-03, 1.31953E-02
8.31826E-03, 1.31948E-02
8.31526E-03, 1.31942E-02
8.31225E-03, 1.31937E-02
8.30925E-03, 1.31932E-02
8.30625E-03, 1.31927E-02
8.30325E-03, 1.31922E-02
8.30025E-03, 1.31917E-02
8.29726E-03, 1.31912E-02
8.29427E-03, 1.31907E-02
8.29128E-03, 1.31902E-02
8.28829E-03, 1.31897E-02
8.28530E-03, 1.31892E-02
8.28232E-03, 1.31887E-02
8.27934E-03, 1.31882E-02
8.27636E-03, 1.31877E-02
8.27338E-03, 1.31872E-02
8.27041E-03, 1.31867E-02
8.26743E-03, 1.31862E-02
8.26446E-03, 1.31858E-02
8.26149E-03, 1.31853E-02
8.25853E-03, 1.31848E-02
8.25556E-03, 1.31843E-02
8.25260E-03, 1.31839E-02
8.24964E-03, 1.31834E-02
8.24668E-03, 1.31829E-02
8.24373E-03, 1.31825E-02
8.24077E-03, 1.31820E-02
8.23782E-03, 1.31815E-02
8.23487E-03, 1.31811E-02
8.23193E-03, 1.31806E-02
8.22898E-03, 1.31802E-02
8.22604E-03, 1.31797E-02
8.22310E-03, 1.31793E-02
8.22016E-03, 1.31788E-02
8.21722E-03, 1.31784E-02
8.21429E-03, 1.31779E-02
8.21135E-03, 1.31775E-02
8.20842E-03, 1.31770E-02
8.20549E-03, 1.31766E-02
8.20257E-03, 1.31762E-02
8.19964E-03, 1.31757E-02
8.19672E-03, 1.31753E-02
8.19380E-03, 1.31749E-02
8.19088E-03, 1.31744E-02
8.18797E-03, 1.31740E-02
8.18505E-03, 1.31736E-02
8.18214E-03, 1.31732E-02
8.17923E-03, 1.31727E-02
8.17632E-03, 1.31723E-02
8.17342E-03, 1.31719E-02
8.17052E-03, 1.31715E-02
8.16761E-03, 1.31711E-02
8.16471E-03, 1.31707E-02
8.16182E-03, 1.31702E-02
8.15892E-03, 1.31698E-02
8.15603E-03, 1.31694E-02
8.15314E-03, 1.31690E-02
8.15025E-03, 1.31686E-02
8.14736E-03, 1.31682E-02
8.14448E-03, 1.31678E-02
8.14159E-03, 1.31674E-02
8.13871E-03, 1.31670E-02
8.13583E-03, 1.31666E-02
8.13296E-03, 1.31662E-02
8.13008E-03, 1.31658E-02
8.12721E-03, 1.31654E-02
8.12434E-03, 1.31650E-02
8.12147E-03, 1.31647E-02
8.11860E-03, 1.31643E-02
8.11574E-03, 1.31639E-02
8.11287E-03, 1.31635E-02
8.11001E-03, 1.31631E-02
8.10716E-03, 1.31627E-02
8.10430E-03, 1.31624E-02
8.10144E-03, 1.31620E-02
8.09859E-03, 1.31616E-02
8.09574E-03, 1.31612E-02
8.09289E-03, 1.31609E-02
8.09005E-03, 1.31605E-02
8.08720E-03, 1.31601E-02
8.08436E-03, 1.31598E-02
8.08152E-03, 1.31594E-02
8.07868E-03, 1.31590E-02
8.07584E-03, 1.31587E-02
8.07301E-03, 1.31583E-02
8.07018E-03, 1.31579E-02
8.06734E-03, 1.31576E-02
8.06452E-03, 1.31572E-02
8.06169E-03, 1.31569E-02
8.05886E-03, 1.31565E-02
8.05604E-03, 1.31561E-02
8.05322E-03, 1.31558E-02
8.05040E-03, 1.31554E-02
8.04759E-03, 1.31551E-02
8.04477E-03, 1.31547E-02
8.04196E-03, 1.31544E-02
8.03915E-03, 1.31540E-02
8.03634E-03, 1.31537E-02
8.03353E-03, 1.31534E-02
8.03073E-03, 1.31530E-02
8.02792E-03, 1.31527E-02
8.02512E-03, 1.31523E-02
8.02232E-03, 1.31520E-02
8.01953E-03, 1.31517E-02
8.01673E-03, 1.31513E-02
8.01394E-03, 1.31510E-02
8.01115E-03, 1.31506E-02
8.00836E-03, 1.31503E-02
8.00557E-03, 1.31500E-02
8.00278E-03, 1.31497E-02
